Sample;Sampling_date;Sampling_site;Ct
MTL_11_cpTP24h_Raw;2021-02-24;11-VSTL-ind;37.124568077897
MTL_05_grb3_Raw;2021-02-24;05-CoteDNeige;NA
MTL_05_cpTP24h_Raw;2021-02-24;05-CoteDNeige;NA
MTL_16_grb3_Raw;2021-02-24;16-Bordeau;29.5443175453752
MTL_16_cpTP24h_Raw;2021-02-24;16-Bordeau;29.2126205008718
MTL_12_grb3_Raw;2021-02-24;12-Anjou-ind;37.1028935252122
MTL_12_cpTP24h_Raw;2021-02-24;12-Anjou-ind;37.6701851172057
MTL_11_grb3_Raw;2021-02-25;11-VSTL-ind;33.9248497369814
MTL_11_cpTP24h_Raw;2021-02-25;11-VSTL-ind;33.7638980788678
MTL_05_grb3_Raw;2021-02-25;05-CoteDNeige;30.3541269494968
MTL_05_cpTP24h_Raw;2021-02-25;05-CoteDNeige;27.1627622634859
MTL_16_grb3_Raw;2021-02-25;16-Bordeau;30.1516629881822
MTL_16_cpTP24h_Raw;2021-02-25;16-Bordeau;27.580992338892
MTL_16_grb3_Raw;2021-02-25;16-Bordeau;29.2346380358573
MTL_16_cpTP24h_Raw;2021-02-25;16-Bordeau;34.9841430774244
MTL_12_grb3_Raw;2021-02-25;12-Anjou-ind;34.1087987688341
MTL_12_cpTP24h_Raw;2021-02-25;12-Anjou-ind;33.3918700786886
MTL_11_grb3_Raw;2021-02-26;11-VSTL-ind;38.2756469299217
MTL_11_cpTP24h_Raw;2021-02-26;11-VSTL-ind;37.3943820303138
MTL_05_grb3_Raw;2021-02-26;05-CoteDNeige;35.3193043087821
MTL_05_cpTP24h_Raw;2021-02-26;05-CoteDNeige;32.6078152374504
MTL_16_grb3_Raw;2021-02-26;16-Bordeau;30.4724165781668
MTL_16_cpTP24h_Raw;2021-02-26;16-Bordeau;31.4507300045715
MTL_12_grb3_Raw;2021-02-26;12-Anjou-ind;38.1100233744468
MTL_12_cpTP24h_Raw;2021-02-26;12-Anjou-ind;36.2776196479161
MTL_11_grb3_Raw;2021-03-01;11-VSTL-ind;36.6794271920969
MTL_11_cpTP72h_Raw;2021-03-01;11-VSTL-ind;36.5301563110168
MTL_05_grb3_Raw;2021-03-01;05-CoteDNeige;35.1054853586452
MTL_05_cpTP72h_Raw;2021-03-01;05-CoteDNeige;32.6920159030426
MTL_16_grb3_Raw;2021-03-01;16-Bordeau;31.5798179510366
MTL_16_cpTP72h_Raw;2021-03-01;16-Bordeau;30.7565866301118
MTL_12_grb3_Raw;2021-03-01;12-Anjou-ind;36.5799507592131
MTL_12_cpTP24h_Raw;2021-03-01;12-Anjou-ind;36.3320985211959
MTL_11_grb3_Raw;2021-03-02;11-VSTL-ind;37.8566666666667
MTL_11_cpTP24h_Raw;2021-03-02;11-VSTL-ind;37.77
MTL_05_grb3_Raw;2021-03-02;05-CoteDNeige;33.5933333333333
MTL_05_cpTP24h_Raw;2021-03-02;05-CoteDNeige;33.1933333333333
MTL_16_grb3_Raw;2021-03-02;16-Bordeau;37.3033333333333
MTL_16_cpTP24h_Raw;2021-03-02;16-Bordeau;31.2
MTL_12_grb3_Raw;2021-03-02;12-Anjou-ind;37.6133333333333
MTL_12_cpTP24h_Raw;2021-03-02;12-Anjou-ind;38.0566666666667
MTL_11_grb3_Raw;2021-03-03;11-VSTL-ind;36.685818475726
MTL_11_cpTP24h_Raw;2021-03-03;11-VSTL-ind;36.2066666666667
MTL_05_grb3_Raw;2021-03-03;05-CoteDNeige;34.4333333333333
MTL_05_cpTP24h_Raw;2021-03-03;05-CoteDNeige;33.2533333333333
MTL_16_grb3_Raw;2021-03-03;16-Bordeau;32.4033333333333
MTL_16_cpTP24h_Raw;2021-03-03;16-Bordeau;31.58
MTL_12_grb3_Raw;2021-03-03;12-Anjou-ind;35.14
MTL_12_cpTP24h_Raw;2021-03-03;12-Anjou-ind;35.07
MTL_11_grb3_Raw;2021-03-04;11-VSTL-ind;37.97
MTL_11_cpTP24h_Raw;2021-03-04;11-VSTL-ind;35.5266666666667
MTL_05_grb3_Raw;2021-03-04;05-CoteDNeige;33.4913030905782
MTL_05_cpTP24h_Raw;2021-03-04;05-CoteDNeige;35.5443435649806
MTL_16_grb3_Raw;2021-03-04;16-Bordeau;37.5090572034702
MTL_16_cpTP24h_Raw;2021-03-04;16-Bordeau;32.7215797836086
MTL_12_grb3_Raw;2021-03-04;12-Anjou-ind;36.4991707759056
MTL_12_cpTP24h_Raw;2021-03-04;12-Anjou-ind;35.2302346091419
MTL_11_grb3_Raw;2021-03-05;11-VSTL-ind;36.0866666666667
MTL_11_cpTP24h_Raw;2021-03-05;11-VSTL-ind;36.2566666666667
MTL_05_grb3_Raw;2021-03-05;05-CoteDNeige;29.3133333333333
MTL_05_cpTP24h_Raw;2021-03-05;05-CoteDNeige;32.56
MTL_16_grb3_Raw;2021-03-05;16-Bordeau;35.7233333333333
MTL_16_cpTP24h_Raw;2021-03-05;16-Bordeau;32.37
MTL_12_grb3_Raw;2021-03-05;12-Anjou-ind;35.7833333333333
MTL_12_cpTP24h_Raw;2021-03-05;12-Anjou-ind;36.1966666666667
MTL_11_grb3_Raw;2021-03-08;11-VSTL-ind;36.4866666666667
MTL_11_cpTP24h_Raw;2021-03-08;11-VSTL-ind;35.74
MTL_05_grb3_Raw;2021-03-08;05-CoteDNeige;32.64
MTL_05_cpTP24h_Raw;2021-03-08;05-CoteDNeige;31.1566666666667
MTL_16_grb3_Raw;2021-03-08;16-Bordeau;31.8933333333333
MTL_16_cpTP24h_Raw;2021-03-08;16-Bordeau;32.4733333333333
MTL_12_grb3_Raw;2021-03-08;12-Anjou-ind;35.9733333333333
MTL_12_cpTP24h_Raw;2021-03-08;12-Anjou-ind;35.5166666666667
MTL_11_grb3_Raw;2021-03-09;11-VSTL-ind;37.4936546555372
MTL_11_cpTP24h_Raw;2021-03-09;11-VSTL-ind;38.1380851018171
MTL_05_grb3_Raw;2021-03-09;05-CoteDNeige;34.9417167571874
MTL_05_cpTP24h_Raw;2021-03-09;05-CoteDNeige;32.1343150917669
MTL_16_grb3_Raw;2021-03-09;16-Bordeau;34.2920911191374
MTL_16_cpTP24h_Raw;2021-03-09;16-Bordeau;33.2408669540653
MTL_12_grb3_Raw;2021-03-09;12-Anjou-ind;36.3667916384889
MTL_12_cpTP24h_Raw;2021-03-09;12-Anjou-ind;35.6324122662729
MTL_11_grb3_Raw;2021-03-10;11-VSTL-ind;37.3247723738303
MTL_11_cpTP24h_Raw;2021-03-10;11-VSTL-ind;37.011557018015
MTL_05_grb3_Raw;2021-03-10;05-CoteDNeige;34.4461745689754
MTL_05_cpTP24h_Raw;2021-03-10;05-CoteDNeige;33.1158353186741
MTL_16_grb3_Raw;2021-03-10;16-Bordeau;34.6657898561161
MTL_16_grb3_Raw;2021-03-10;16-Bordeau;35.627349343708
MTL_16_cpTP24h_Raw;2021-03-10;16-Bordeau;32.9604277900647
MTL_16_cpTP24h_Raw;2021-03-10;16-Bordeau;33.027339154945
MTL_12_grb3_Raw;2021-03-10;12-Anjou-ind;36.8580685886283
MTL_12_cpTP24h_Raw;2021-03-10;12-Anjou-ind;38.099928278348
MTL_11_grb3_Raw;2021-03-11;11-VSTL-ind;38.0919159381826
MTL_11_cpTP24h_Raw;2021-03-11;11-VSTL-ind;39.2286966311063
MTL_05_grb3_Raw;2021-03-11;05-CoteDNeige;35.9101176964143
MTL_05_cpTP24h_Raw;2021-03-11;05-CoteDNeige;33.6079917603079
MTL_16_grb3_Raw;2021-03-11;16-Bordeau;33.9358149380734
MTL_16_cpTP24h_Raw;2021-03-11;16-Bordeau;33.8754267909235
MTL_12_grb3_Raw;2021-03-11;12-Anjou-ind;38.5991825733109
MTL_12_cpTP24h_Raw;2021-03-11;12-Anjou-ind;39.1329859642943
MTL_11_grb3_Raw;2021-03-12;11-VSTL-ind;39.0406506560468
MTL_11_cpTP24h_Raw;2021-03-12;11-VSTL-ind;NA
MTL_05_grb3_Raw;2021-03-12;05-CoteDNeige;35.3739371936398
MTL_05_cpTP24h_Raw;2021-03-12;05-CoteDNeige;33.4135984755116
MTL_16_grb3_Raw;2021-03-12;16-Bordeau;37.3883799820613
MTL_16_cpTP24h_Raw;2021-03-12;16-Bordeau;34.3957310927587
MTL_12_grb3_Raw;2021-03-12;12-Anjou-ind;37.5989610774107
MTL_12_cpTP24h_Raw;2021-03-12;12-Anjou-ind;36.3127260531305
MTL_11_cpTP72h_Raw;2021-03-15;11-VSTL-ind;35.8742190226312
MTL_05_cpTP72h_Raw;2021-03-15;05-CoteDNeige;31.7622795194219
MTL_16_cpTP72h_Raw;2021-03-15;16-Bordeau;31.5072262677798
MTL_12_cpTP72h_Raw;2021-03-15;12-Anjou-ind;35.208146197423
MTL_11_cpTP72h_Raw;2021-03-15;11-VSTL-ind;35.5351002552823
MTL_05_cpTP72h_Raw;2021-03-15;05-CoteDNeige;31.446633455719
MTL_16_cpTP72h_Raw;2021-03-15;16-Bordeau;31.3438188501458
MTL_12_cpTP72h_Raw;2021-03-15;12-Anjou-ind;34.1480163521058
MTL_12_cpTP24h_Raw;2021-03-16;12-Anjou-ind;36.4908603978702
MTL_11_cpTP48h_Raw;2021-03-17;11-VSTL-ind;37.3613622845874
MTL_05_cpTP48h_Raw;2021-03-17;05-CoteDNeige;34.6995428118218
MTL_16_cpTP48h_Raw;2021-03-17;16-Bordeau;35.071132604867
MTL_12_cpTP24h_Raw;2021-03-17;12-Anjou-ind;35.6940389779911
MTL_11_cpTP24h_Raw;2021-03-18;11-VSTL-ind;35.8294641635552
MTL_05_cpTP24h_Raw;2021-03-18;05-CoteDNeige;30.6284079978386
MTL_16_cpTP24h_Raw;2021-03-18;16-Bordeau;32.6301407081665
MTL_12_cpTP24h_Raw;2021-03-18;12-Anjou-ind;35.3580597966351
MTL_11_grb3_Raw;2021-03-19;11-VSTL-ind;39.424296454172
MTL_11_cpTP24h_Raw;2021-03-19;11-VSTL-ind;36.3044358400959
MTL_05_grb3_Raw;2021-03-19;05-CoteDNeige;32.8370116744897
MTL_16_grb3_Raw;2021-03-19;16-Bordeau;35.065439755532
MTL_16_cpTP24h_Raw;2021-03-19;16-Bordeau;34.6836006408513
MTL_12_grb3_Raw;2021-03-19;12-Anjou-ind;37.5386207888979
MTL_12_cpTP24h_Raw;2021-03-19;12-Anjou-ind;34.6929539224362
MTL_11_PS_Filter;2021-03-19;11-VSTL-ind;36.9553557701854
MTL_11_PS_Qtips;2021-03-19;11-VSTL-ind;NA
MTL_11_PS_Gauze;2021-03-19;11-VSTL-ind;35.2812908603932
MTL_05_PS_Filter;2021-03-19;05-CoteDNeige;32.5903486006956
MTL_05_PS_Qtips;2021-03-19;05-CoteDNeige;31.3913194105893
MTL_05_PS_Gauze;2021-03-19;05-CoteDNeige;36.3561487752218
MTL_16_PS_Filter;2021-03-19;16-Bordeau;36.6623315027648
MTL_16_PS_Qtips;2021-03-19;16-Bordeau;36.814778997622
MTL_16_PS_Gauze;2021-03-19;16-Bordeau;35.9626957579912
MTL_12_PS_Filter;2021-03-19;12-Anjou-ind;35.1057823436729
MTL_12_PS_Qtips;2021-03-19;12-Anjou-ind;33.931905274253
MTL_12_PS_Gauze;2021-03-19;12-Anjou-ind;36.5180194603572
MTL_11_cpTP24h_Raw;2021-03-20;11-VSTL-ind;37.240794908392
MTL_05_cpTP24h_Raw;2021-03-20;05-CoteDNeige;33.0435342955353
MTL_16_cpTP24h_Raw;2021-03-20;16-Bordeau;31.3839946857939
MTL_12_cpTP24h_Raw;2021-03-20;12-Anjou-ind;36.6515522728109
MTL_11_grb3_Raw;2021-03-21;11-VSTL-ind;36.0948654685164
MTL_05_cpTP24h_Raw;2021-03-21;05-CoteDNeige;31.9817231738819
MTL_16_cpTP24h_Raw;2021-03-21;16-Bordeau;32.596602805788
MTL_12_cpTP24h_Raw;2021-03-21;12-Anjou-ind;34.5803674155123
MTL_11_grb3_Raw;2021-03-22;11-VSTL-ind;36.2858330955437
MTL_11_cpTP24h_Raw;2021-03-22;11-VSTL-ind;36.1413865380963
MTL_05_grb3_Raw;2021-03-22;05-CoteDNeige;38.404837793024
MTL_05_cpTP24h_Raw;2021-03-22;05-CoteDNeige;32.2651281446258
MTL_16_grb3_Raw;2021-03-22;16-Bordeau;34.8373641106056
MTL_16_cpTP24h_Raw;2021-03-22;16-Bordeau;33.1560280648081
MTL_12_grb3_Raw;2021-03-22;12-Anjou-ind;36.1399350699046
MTL_12_cpTP24h_Raw;2021-03-22;12-Anjou-ind;NA
MTL_11_cpTP24h_Raw;2021-03-23;11-VSTL-ind;37.4713789014935
MTL_05_cpTP24h_Raw;2021-03-23;05-CoteDNeige;31.5132449469558
MTL_16_cpTP24h_Raw;2021-03-23;16-Bordeau;32.6347568013869
MTL_12_cpTP24h_Raw;2021-03-23;12-Anjou-ind;37.4328378281977
MTL_11_grb3_Raw;2021-03-24;11-VSTL-ind;37.9431256421115
MTL_11_cpTP24h_Raw;2021-03-24;11-VSTL-ind;36.7789462633624
MTL_05_grb3_Raw;2021-03-24;05-CoteDNeige;33.0833679673341
MTL_05_cpTP24h_Raw;2021-03-24;05-CoteDNeige;31.4090800411927
MTL_16_grb3_Raw;2021-03-24;16-Bordeau;33.4746980037034
MTL_16_cpTP24h_Raw;2021-03-24;16-Bordeau;32.9196073006083
MTL_12_grb3_Raw;2021-03-24;12-Anjou-ind;36.5145276629633
MTL_12_cpTP24h_Raw;2021-03-24;12-Anjou-ind;36.1650058952239
MTL_05_PS_Qtips;2021-03-24;05-CoteDNeige;38.2450969299003
MTL_05_PS_Gauze;2021-03-24;05-CoteDNeige;33.8712232734768
MTL_16_PS_Filter;2021-03-24;16-Bordeau;37.5151097739185
MTL_16_PS_Qtips;2021-03-24;16-Bordeau;35.0092920714576
MTL_16_PS_Gauze;2021-03-24;16-Bordeau;34.0023662540996
MTL_12_PS_Qtips;2021-03-24;12-Anjou-ind;36.1932891797862
MTL_12_PS_Gauze;2021-03-24;12-Anjou-ind;36.606205768123
MTL_11_cpTP24h_Raw;2021-03-25;11-VSTL-ind;37.2200303459823
MTL_05_cpTP24h_Raw;2021-03-25;05-CoteDNeige;32.4720431373397
MTL_16_cpTP24h_Raw;2021-03-25;16-Bordeau;34.8482768230666
MTL_12_cpTP24h_Raw;2021-03-25;12-Anjou-ind;37.9631180854566
MTL_11_grb3_Raw;2021-03-26;11-VSTL-ind;38.0115416104748
MTL_11_cpTP24h_Raw;2021-03-26;11-VSTL-ind;36.049558512981
MTL_05_grb3_Raw;2021-03-26;05-CoteDNeige;32.5694839387538
MTL_05_cpTP24h_Raw;2021-03-26;05-CoteDNeige;NA
MTL_16_grb3_Raw;2021-03-26;16-Bordeau;29.7434964326526
MTL_16_cpTP24h_Raw;2021-03-26;16-Bordeau;33.2206399971643
MTL_12_grb3_Raw;2021-03-26;12-Anjou-ind;36.7865808066068
MTL_12_cpTP24h_Raw;2021-03-26;12-Anjou-ind;37.1677973329575
MTL_11_PS_Filter;2021-03-26;11-VSTL-ind;NA
MTL_05_PS_Filter;2021-03-26;05-CoteDNeige;35.8442023519844
MTL_16_PS_Filter;2021-03-26;16-Bordeau;35.436510971018
MTL_12_PS_Filter;2021-03-26;12-Anjou-ind;36.1176873972364
MTL_11_PS_Qtips;2021-03-26;11-VSTL-ind;37.3200416847231
MTL_05_PS_Qtips;2021-03-26;05-CoteDNeige;32.9227577926215
MTL_16_PS_Qtips;2021-03-26;16-Bordeau;33.194142535017
MTL_12_PS_Qtips;2021-03-26;12-Anjou-ind;37.273947533337
MTL_11_cpTP24h_Raw;2021-03-27;11-VSTL-ind;37.7203255657559
MTL_05_cpTP24h_Raw;2021-03-27;05-CoteDNeige;29.3705011557426
MTL_16_cpTP24h_Raw;2021-03-27;16-Bordeau;30.7915059719338
MTL_12_cpTP24h_Raw;2021-03-27;12-Anjou-ind;34.6115450108572
MTL_11_cpTP24h_Raw;2021-03-28;11-VSTL-ind;36.960186134849
MTL_05_cpTP24h_Raw;2021-03-28;05-CoteDNeige;30.089346809862
MTL_16_cpTP24h_Raw;2021-03-28;16-Bordeau;32.3132057349154
MTL_12_cpTP24h_Raw;2021-03-28;12-Anjou-ind;36.0335891616755
MTL_11_grb3_Raw;2021-03-29;11-VSTL-ind;NA
MTL_11_cpTP24h_Raw;2021-03-29;11-VSTL-ind;36.5036538785266
MTL_05_grb3_Raw;2021-03-29;05-CoteDNeige;27.7868340415147
MTL_05_cpTP24h_Raw;2021-03-29;05-CoteDNeige;30.2973853627902
MTL_16_grb3_Raw;2021-03-29;16-Bordeau;34.3964320127605
MTL_16_cpTP24h_Raw;2021-03-29;16-Bordeau;33.9447737910311
MTL_12_grb3_Raw;2021-03-29;12-Anjou-ind;38.1973913905355
MTL_12_cpTP24h_Raw;2021-03-29;12-Anjou-ind;35.400489098861
MTL_05_PS_Filter;2021-03-29;05-CoteDNeige;NA
MTL_16_PS_Filter;2021-03-29;16-Bordeau;36.431201111161
MTL_11_cpTP24h_Raw;2021-03-30;11-VSTL-ind;36.2210156562658
MTL_05_cpTP24h_Raw;2021-03-30;05-CoteDNeige;31.6717705763511
MTL_16_cpTP24h_Raw;2021-03-30;16-Bordeau;35.5328363020124
MTL_12_cpTP24h_Raw;2021-03-30;12-Anjou-ind;35.2175784902702
MTL_11_grb3_Raw;2021-03-31;11-VSTL-ind;36.1007358030786
MTL_11_cpTP24h_Raw;2021-03-31;11-VSTL-ind;35.195521472756
MTL_05_grb3_Raw;2021-03-31;05-CoteDNeige;28.5550638727609
MTL_05_cpTP24h_Raw;2021-03-31;05-CoteDNeige;30.6152981467547
MTL_16_grb3_Raw;2021-03-31;16-Bordeau;34.0802957795737
MTL_16_cpTP24h_Raw;2021-03-31;16-Bordeau;42.391
MTL_12_grb3_Raw;2021-03-31;12-Anjou-ind;35.4691633203342
MTL_12_cpTP24h_Raw;2021-03-31;12-Anjou-ind;36.0342389493692
MTL_11_PS_Filter;2021-03-31;11-VSTL-ind;42.391
MTL_11_PS_Qtips;2021-03-31;11-VSTL-ind;42.391
MTL_05_PS_Filter;2021-03-31;05-CoteDNeige;29.5886746284108
MTL_05_PS_Qtips;2021-03-31;05-CoteDNeige;29.6204381071611
MTL_16_PS_Filter;2021-03-31;16-Bordeau;35.7455022066818
MTL_16_PS_Qtips;2021-03-31;16-Bordeau;36.7433629912674
MTL_12_PS_Filter;2021-03-31;12-Anjou-ind;35.0337654438822
MTL_12_PS_Qtips;2021-03-31;12-Anjou-ind;42.391
MTL_11_cpTP24h_Raw;2021-04-03;11-VSTL-ind;40.0442347466178
MTL_05_cpTP24h_Raw;2021-04-03;05-CoteDNeige;32.4696852037288
MTL_16_cpTP24h_Raw;2021-04-03;16-Bordeau;34.4769121615944
MTL_12_cpTP24h_Raw;2021-04-03;12-Anjou-ind;40.6081856976017
MTL_11_cpTP24h_Raw;2021-04-04;11-VSTL-ind;37.6717757790537
MTL_05_cpTP24h_Raw;2021-04-04;05-CoteDNeige;32.058695630487
MTL_16_cpTP24h_Raw;2021-04-04;16-Bordeau;36.5336270735395
MTL_12_cpTP24h_Raw;2021-04-04;12-Anjou-ind;40.6867888867171
MTL_11_cpTP24h_Raw;2021-04-05;11-VSTL-ind;42.391
MTL_05_cpTP24h_Raw;2021-04-05;05-CoteDNeige;40.5345247510251
MTL_16_cpTP24h_Raw;2021-04-05;16-Bordeau;35.4695655779541
MTL_12_cpTP24h_Raw;2021-04-05;12-Anjou-ind;42.391
MTL_11_grb3_Raw;2021-04-06;11-VSTL-ind;39.7563389262439
MTL_11_cpTP24h_Raw;2021-04-06;11-VSTL-ind;38.0976517563282
MTL_05_grb3_Raw;2021-04-06;05-CoteDNeige;35.0444430943228
MTL_05_cpTP24h_Raw;2021-04-06;05-CoteDNeige;31.1584044875538
MTL_16_grb3_Raw;2021-04-06;16-Bordeau;39.1377604233516
MTL_16_cpTP24h_Raw;2021-04-06;16-Bordeau;37.8049553398822
MTL_12_grb3_Raw;2021-04-06;12-Anjou-ind;42.391
MTL_12_cpTP24h_Raw;2021-04-06;12-Anjou-ind;39.0134775337898
MTL_11_PS_Filter;2021-04-06;11-VSTL-ind;37.695
MTL_11_PS_Filter;2021-04-06;11-VSTL-ind;40.8455
MTL_11_PS_Qtips;2021-04-06;11-VSTL-ind;38.07
MTL_11_PS_Qtips;2021-04-06;11-VSTL-ind;40.3305
MTL_05_PS_Filter;2021-04-06;05-CoteDNeige;34.485
MTL_05_PS_Filter;2021-04-06;05-CoteDNeige;33.91
MTL_05_PS_Qtips;2021-04-06;05-CoteDNeige;33.615
MTL_05_PS_Qtips;2021-04-06;05-CoteDNeige;35.69
MTL_16_PS_Filter;2021-04-06;16-Bordeau;37.925
MTL_16_PS_Filter;2021-04-06;16-Bordeau;42.391
MTL_16_PS_Qtips;2021-04-06;16-Bordeau;34.985
MTL_16_PS_Qtips;2021-04-06;16-Bordeau;42.391
MTL_12_PS_Filter;2021-04-06;12-Anjou-ind;39.5655
MTL_12_PS_Filter;2021-04-06;12-Anjou-ind;37.055
MTL_12_PS_Qtips;2021-04-06;12-Anjou-ind;37.615
MTL_12_PS_Qtips;2021-04-06;12-Anjou-ind;36.605
MTL_11_cpTP24h_Raw;2021-04-07;11-VSTL-ind;39.2911743365568
MTL_05_cpTP24h_Raw;2021-04-07;05-CoteDNeige;31.0930820022262
MTL_16_cpTP24h_Raw;2021-04-07;16-Bordeau;37.1418532727811
MTL_12_cpTP24h_Raw;2021-04-07;12-Anjou-ind;35.8779608161
MTL_11_grb3_Raw;2021-04-08;11-VSTL-ind;39.9323317841045
MTL_11_cpTP24h_Raw;2021-04-08;11-VSTL-ind;37.2110779244697
MTL_05_grb3_Raw;2021-04-08;05-CoteDNeige;33.2312377545416
MTL_05_cpTP24h_Raw;2021-04-08;05-CoteDNeige;30.9093132020574
MTL_16_grb3_Raw;2021-04-08;16-Bordeau;36.9002768201328
MTL_16_cpTP24h_Raw;2021-04-08;16-Bordeau;34.080044341539
MTL_12_grb3_Raw;2021-04-08;12-Anjou-ind;39.6427570568173
MTL_12_cpTP24h_Raw;2021-04-08;12-Anjou-ind;42.391
MTL_05_PS_Filter;2021-03-29;05-CoteDNeige;34.8609747148893
MTL_16_PS_Filter;2021-03-29;16-Bordeau;42.391
MTL_16_PS_Qtips;2021-03-29;16-Bordeau;31.1626445158674
MTL_11_PS_Qtips;2021-03-31;11-VSTL-ind;42.391
MTL_05_PS_Qtips;2021-03-31;05-CoteDNeige;42.391
MTL_16_PS_Qtips;2021-03-31;16-Bordeau;42.391
MTL_12_PS_Qtips;2021-03-31;12-Anjou-ind;42.391
MTL_11_cpTP24h_Raw;2021-04-11;11-VSTL-ind;39.0205
MTL_05_cpTP24h_Raw;2021-04-11;05-CoteDNeige;32.51
MTL_05_cpTP24h_Raw;2021-04-11;05-CoteDNeige;32.4313413640961
MTL_16_cpTP24h_Raw;2021-04-11;16-Bordeau;28.685
MTL_12_cpTP24h_Raw;2021-04-11;12-Anjou-ind;39.9205
MTL_11_cpTP24h_Raw;2021-04-12;11-VSTL-ind;42.391
MTL_05_cpTP24h_Raw;2021-04-12;05-CoteDNeige;33.015
MTL_05_cpTP24h_Raw;2021-04-12;05-CoteDNeige;33.5148723047324
MTL_16_cpTP24h_Raw;2021-04-12;16-Bordeau;29.255
MTL_12_cpTP24h_Raw;2021-04-12;12-Anjou-ind;35.675
MTL_11_cpTP24h_Raw;2021-04-13;11-VSTL-ind;39.7105
MTL_11_grb3_Raw;2021-04-13;11-VSTL-ind;42.391
MTL_05_cpTP24h_Raw;2021-04-13;05-CoteDNeige;31.585
MTL_05_grb3_Raw;2021-04-13;05-CoteDNeige;31.265
MTL_05_grb3_Raw;2021-04-13;05-CoteDNeige;31.4594850814399
MTL_16_cpTP24h_Raw;2021-04-13;16-Bordeau;34.735
MTL_16_grb3_Raw;2021-04-13;16-Bordeau;31.715
MTL_12_cpTP24h_Raw;2021-04-13;12-Anjou-ind;40.0005
MTL_12_grb3_Raw;2021-04-13;12-Anjou-ind;42.391
MTL_11_PS_Filter;2021-04-08;11-VSTL-ind;40.0255
MTL_05_PS_Filter;2021-04-08;05-CoteDNeige;31.115
MTL_16_PS_Filter;2021-04-08;16-Bordeau;34.82
MTL_12_PS_Filter;2021-04-08;12-Anjou-ind;34.68
MTL_11_PS_Filter;2021-04-13;11-VSTL-ind;42.391
MTL_05_PS_Filter;2021-04-13;05-CoteDNeige;37.2477654010832
MTL_16_PS_Filter;2021-04-13;16-Bordeau;31.9798286924853
MTL_12_PS_Filter;2021-04-13;12-Anjou-ind;42.391
MTL_11_cpTP24h_Raw;2021-04-14;11-VSTL-ind;42.391
MTL_05_cpTP24h_Raw;2021-04-14;05-CoteDNeige;31.3097858028406
MTL_16_cpTP24h_Raw;2021-04-14;16-Bordeau;31.1794065586582
MTL_12_cpTP24h_Raw;2021-04-14;12-Anjou-ind;37.4694896922791
MTL_11_cpTP24h_Raw;2021-04-15;11-VSTL-ind;36.9345156040057
MTL_05_cpTP24h_Raw;2021-04-15;05-CoteDNeige;30.2852478980203
MTL_16_cpTP24h_Raw;2021-04-15;16-Bordeau;31.2678905236982
MTL_12_cpTP24h_Raw;2021-04-15;12-Anjou-ind;37.9822362228199
MTL_11_grb3_Raw;2021-04-16;11-VSTL-ind;39.4632528702124
MTL_11_cpTP24h_Raw;2021-04-16;11-VSTL-ind;39.9810066785251
MTL_05_grb3_Raw;2021-04-16;05-CoteDNeige;31.6809566738222
MTL_05_cpTP24h_Raw;2021-04-16;05-CoteDNeige;32.4384876318799
MTL_16_grb3_Raw;2021-04-16;16-Bordeau;35.8690047533924
MTL_16_cpTP24h_Raw;2021-04-16;16-Bordeau;32.5300841183187
MTL_12_grb3_Raw;2021-04-16;12-Anjou-ind;42.391
MTL_12_cpTP24h_Raw;2021-04-16;12-Anjou-ind;36.3029498961667
MTL_11_cpTP24h_Raw;2021-04-17;11-VSTL-ind;42.391
MTL_05_cpTP24h_Raw;2021-04-17;05-CoteDNeige;30.3147448380675
MTL_16_cpTP24h_Raw;2021-04-17;16-Bordeau;31.2108194470917
MTL_11_cpTP24h_Raw;2021-04-18;11-VSTL-ind;39.3533592649459
MTL_05_cpTP24h_Raw;2021-04-18;05-CoteDNeige;30.0185853158969
MTL_16_cpTP24h_Raw;2021-04-18;16-Bordeau;30.3634891556402
MTL_11_grb3_Raw;2021-04-19;11-VSTL-ind;40.3430666358852
MTL_11_cpTP24h_Raw;2021-04-19;11-VSTL-ind;39.7467246225168
MTL_16_grb3_Raw;2021-04-19;16-Bordeau;32.917354901073
MTL_16_cpTP24h_Raw;2021-04-19;16-Bordeau;32.0688136090867
MTL_05_grb3_Raw;2021-04-19;05-CoteDNeige;33.0841597302844
MTL_05_cpTP24h_Raw;2021-04-19;05-CoteDNeige;29.6899543526261
MTL_12_grb3_Raw;2021-04-19;12-Anjou-ind;39.2145758067934
MTL_12_cpTP72h_Raw;2021-04-19;12-Anjou-ind;42.391
MTL_11_PS_Filter;2021-04-16;11-VSTL-ind;37.4963761009367
MTL_05_PS_Filter;2021-04-16;05-CoteDNeige;29.3809130514861
MTL_16_PS_Filter;2021-04-16;16-Bordeau;39.9214664492613
MTL_12_PS_Filter;2021-04-16;12-Anjou-ind;35.3107313628473
MTL_11_PS_Filter;2021-04-19;11-VSTL-ind;42.391
MTL_05_PS_Filter;2021-04-19;05-CoteDNeige;33.0906226873238
MTL_12_PS_Filter;2021-04-19;12-Anjou-ind;42.391
MTL_11_PS_Filter;2021-04-21;11-VSTL-ind;39.7723051191129
MTL_05_PS_Filter;2021-04-21;05-CoteDNeige;29.2615487506559
MTL_16_PS_Filter;2021-04-21;16-Bordeau;37.0919093624604
MTL_12_PS_Filter;2021-04-21;12-Anjou-ind;42.391
MTL_11_cpTP24h_Raw;2021-04-20;11-VSTL-ind;40.5697064289363
MTL_05_cpTP24h_Raw;2021-04-20;05-CoteDNeige;31.5017353784611
MTL_16_cpTP24h_Raw;2021-04-20;16-Bordeau;34.8924691301051
MTL_12_cpTP24h_Raw;2021-04-20;12-Anjou-ind;38.4402017350117
MTL_11_cpTP24h_Raw;2021-04-21;11-VSTL-ind;40.348020582546
MTL_05_cpTP24h_Raw;2021-04-21;05-CoteDNeige;30.6061804639302
MTL_16_cpTP24h_Raw;2021-04-21;16-Bordeau;33.8782887249122
MTL_12_cpTP24h_Raw;2021-04-21;12-Anjou-ind;40.9016662653987
MTL_11_PS_Filter;2021-04-22;11-VSTL-ind;40.4458738538633
MTL_05_PS_Filter;2021-04-22;05-CoteDNeige;33.2767027252117
MTL_16_PS_Filter;2021-04-22;16-Bordeau;42.391
MTL_11_cpTP24h_Raw;2021-04-22;11-VSTL-ind;42.391
MTL_05_cpTP24h_Raw;2021-04-22;05-CoteDNeige;31.4200220882367
MTL_16_cpTP24h_Raw;2021-04-22;16-Bordeau;34.9823301505982
MTL_12_cpTP24h_Raw;2021-04-22;12-Anjou-ind;42.391
MTL_11_cpTP24h_Raw;2021-04-23;11-VSTL-ind;42.391
MTL_05_cpTP24h_Raw;2021-04-23;05-CoteDNeige;30.5506184303606
MTL_16_cpTP24h_Raw;2021-04-23;16-Bordeau;35.3400464687567
MTL_12_cpTP24h_Raw;2021-04-23;12-Anjou-ind;42.391
MTL_05_PS_Filter;2021-04-23;05-CoteDNeige;31.2599681148425
MTL_16_PS_Filter;2021-04-23;16-Bordeau;39.2457422218885
MTL_12_PS_Filter;2021-04-23;12-Anjou-ind;42.391
MTL_11_PS_Filter;2021-04-26;11-VSTL-ind;40.3554431559184
MTL_05_PS_Filter;2021-04-26;05-CoteDNeige;33.1771698280683
MTL_16_PS_Filter;2021-04-26;16-Bordeau;40.3316268371368
MTL_12_PS_Filter;2021-04-26;12-Anjou-ind;42.391
MTL_11_cpTP24h_Raw;2021-04-24;11-VSTL-ind;42.391
MTL_05_cpTP24h_Raw;2021-04-24;05-CoteDNeige;30.8579470754696
MTL_16_cpTP24h_Raw;2021-04-24;16-Bordeau;35.0900727186477
MTL_12_cpTP24h_Raw;2021-04-24;12-Anjou-ind;40.3050987879668
MTL_11_cpTP24h_Raw;2021-04-25;11-VSTL-ind;42.391
MTL_05_cpTP24h_Raw;2021-04-25;05-CoteDNeige;31.1505321585218
MTL_16_cpTP24h_Raw;2021-04-25;16-Bordeau;35.1346421138822
MTL_12_cpTP24h_Raw;2021-04-25;12-Anjou-ind;42.391
MTL_12_cpTP24h_Raw;2021-04-26;12-Anjou-ind;39.1363679785884
MTL_11_cpTP24h_Raw;2021-04-27;11-VSTL-ind;35.1069981070895
MTL_05_cpTP24h_Raw;2021-04-27;05-CoteDNeige;31.6745119406603
MTL_16_cpTP24h_Raw;2021-04-27;16-Bordeau;34.9347308726515
MTL_12_cpTP24h_Raw;2021-04-27;12-Anjou-ind;36.0419644954194
MTL_11_cpTP24h_Raw;2021-04-28;11-VSTL-ind;39.8398162207969
MTL_05_cpTP24h_Raw;2021-04-28;05-CoteDNeige;30.1223261847722
MTL_16_cpTP24h_Raw;2021-04-28;16-Bordeau;29.815844681791
MTL_12_cpTP24h_Raw;2021-04-28;12-Anjou-ind;40.1783704565282
MTL_11_cpTP24h_Raw;2021-04-29;11-VSTL-ind;39.2255586130963
MTL_05_cpTP24h_Raw;2021-04-29;05-CoteDNeige;31.0723622068132
MTL_16_cpTP24h_Raw;2021-04-29;16-Bordeau;33.8263382443954
MTL_12_cpTP24h_Raw;2021-04-29;12-Anjou-ind;37.9765394139776
MTL_11_PS_Filter;2021-04-29;11-VSTL-ind;39.824494069611
MTL_05_PS_Filter;2021-04-29;05-CoteDNeige;32.864578089854
MTL_16_PS_Filter;2021-04-29;16-Bordeau;42.391
MTL_11_PS_Filter;2021-04-30;11-VSTL-ind;35.9225628780557
MTL_05_PS_Filter;2021-04-30;05-CoteDNeige;31.0733315474285
MTL_16_PS_Filter;2021-04-30;16-Bordeau;32.9205517383836
MTL_12_PS_Filter;2021-04-30;12-Anjou-ind;40.01197544507
MTL_11_cpTP24h_Raw;2021-04-30;11-VSTL-ind;33.9277166005742
MTL_05_cpTP24h_Raw;2021-04-30;05-CoteDNeige;30.6151109822992
MTL_16_cpTP24h_Raw;2021-04-30;16-Bordeau;29.6880369336222
MTL_12_cpTP24h_Raw;2021-04-30;12-Anjou-ind;37.1167923523216
MTL_11_cpTP24h_Raw;2021-05-03;11-VSTL-ind;37.7854215285072
MTL_05_cpTP24h_Raw;2021-05-03;05-CoteDNeige;32.7222362408289
MTL_16_cpTP24h_Raw;2021-05-03;16-Bordeau;30.4813211465471
MTL_12_cpTP24h_Raw;2021-05-03;12-Anjou-ind;40.2497401358643
MTL_11_PS_Filter;2021-05-03;11-VSTL-ind;39.3696544215291
MTL_05_PS_Filter;2021-05-03;05-CoteDNeige;32.2342000657409
MTL_16_PS_Filter;2021-05-03;16-Bordeau;29.5084291546751
MTL_12_PS_Filter;2021-05-03;12-Anjou-ind;39.8244352159285
MTL_11_cpTP24h_Raw;2021-05-04;11-VSTL-ind;38.0391326053723
MTL_05_cpTP24h_Raw;2021-05-04;05-CoteDNeige;33.1509251649068
MTL_16_cpTP24h_Raw;2021-05-04;16-Bordeau;28.0100961083118
MTL_12_cpTP24h_Raw;2021-05-04;12-Anjou-ind;39.6346366812078
MTL_11_PS_Filter;2021-05-04;11-VSTL-ind;39.7282093249263
MTL_05_PS_Filter;2021-05-04;05-CoteDNeige;42.391
MTL_16_PS_Filter;2021-05-04;16-Bordeau;42.391
MTL_12_PS_Filter;2021-05-04;12-Anjou-ind;39.4303630249942
MTL_11_cpTP24h_Raw;2021-05-05;11-VSTL-ind;37.9737337694101
MTL_05_cpTP24h_Raw;2021-05-05;05-CoteDNeige;31.5269808277341
MTL_16_cpTP24h_Raw;2021-05-05;16-Bordeau;27.879373611818
MTL_12_cpTP24h_Raw;2021-05-05;12-Anjou-ind;38.0042403220952
MTL_11_PS_Filter;2021-05-05;11-VSTL-ind;42.391
MTL_05_PS_Filter;2021-05-05;05-CoteDNeige;31.782355800059
MTL_16_PS_Filter;2021-05-05;16-Bordeau;36.0815625974025
MTL_12_PS_Filter;2021-05-05;12-Anjou-ind;39.2947706965309
MTL_11_cpTP24h_Raw;2021-05-06;11-VSTL-ind;37.874851200967
MTL_16_cpTP24h_Raw;2021-05-06;16-Bordeau;29.8714901922996
MTL_12_cpTP24h_Raw;2021-05-06;12-Anjou-ind;33.8581111218979
MTL_11_PS_Filter;2021-05-07;11-VSTL-ind;40.5721922778471
MTL_05_PS_Filter;2021-05-07;05-CoteDNeige;31.8935849918621
MTL_16_PS_Filter;2021-05-07;16-Bordeau;34.2381440595626
MTL_12_PS_Filter;2021-05-07;12-Anjou-ind;40.1475399422801
MTL_11_cpTP24h_Raw;2021-05-07;11-VSTL-ind;39.8474002340137
MTL_05_cpTP24h_Raw;2021-05-07;05-CoteDNeige;33.4726290529003
MTL_16_cpTP24h_Raw;2021-05-07;16-Bordeau;32.1447333459901
MTL_12_cpTP24h_Raw;2021-05-07;12-Anjou-ind;42.391
MTL_11_PS_Filter;2021-05-10;11-VSTL-ind;41.4990607135026
MTL_16_PS_Filter;2021-05-10;16-Bordeau;33.5185215536468
MTL_12_PS_Filter;2021-05-10;12-Anjou-ind;42.391
MTL_8-1_PS_Filter;2021-05-10;8.1-MtlNord-Est;36.1068289921033
MTL_8-2_PS_Filter;2021-05-10;8.2-MtlNord-Est;35.605868491313
MTL_11_cpTP24h_Raw;2021-05-08;11-VSTL-ind;NA
MTL_05_cpTP24h_Raw;2021-05-08;05-CoteDNeige;NA
MTL_16_cpTP24h_Raw;2021-05-08;16-Bordeau;NA
MTL_12_cpTP24h_Raw;2021-05-08;12-Anjou-ind;NA
MTL_8-1_cpFP24h_Raw;2021-05-08;8.1-MtlNord-Est;NA
MTL_8-2_cpFP24h_Raw;2021-05-08;8.2-MtlNord-Est;NA
MTL_11_cpTP24h_Raw;2021-05-09;11-VSTL-ind;NA
MTL_05_cpTP24h_Raw;2021-05-09;05-CoteDNeige;NA
MTL_16_cpTP24h_Raw;2021-05-09;16-Bordeau;NA
MTL_12_cpTP24h_Raw;2021-05-09;12-Anjou-ind;NA
MTL_8-1_cpFP24h_Raw;2021-05-09;8.1-MtlNord-Est;NA
MTL_8-2_cpFP24h_Raw;2021-05-09;8.2-MtlNord-Est;NA
MTL_11_cpTP24h_Raw;2021-05-10;11-VSTL-ind;NA
MTL_05_cpTP24h_Raw;2021-05-10;05-CoteDNeige;NA
MTL_16_cpTP24h_Raw;2021-05-10;16-Bordeau;NA
MTL_12_cpTP24h_Raw;2021-05-10;12-Anjou-ind;NA
MTL_8-1_cpFP24h_Raw;2021-05-10;8.1-MtlNord-Est;NA
MTL_8-2_cpFP24h_Raw;2021-05-10;8.2-MtlNord-Est;NA
MTL-WW-N-1-NEG;2020-02-29;MTL-North;NA
MTL-WW-N-2;2020-03-16;MTL-North;30.75
MTL-WW-N-3;2020-03-21;MTL-North;30.49
MTL-WW-N-4;2020-03-28;MTL-North;28.32
MTL-WW-N-5;2020-04-03;MTL-North;29.48
MTL-WW-N-6;2020-04-04;MTL-North;28.06
MTL-WW-N-7;2020-04-06;MTL-North;27.92
MTL-WW-N-8;2020-04-09;MTL-North;29.33
MTL-WW-N-9;2020-04-10;MTL-North;28.45
MTL-WW-N-10;2020-04-11;MTL-North;28.49
MTL-WW-N-11;2020-04-12;MTL-North;28.37
MTL-WW-N-12;2020-04-30;MTL-North;28.31
MTL-WW-N-13;2020-05-01;MTL-North;29.73
MTL-WW-N-14;2020-06-18;MTL-North;32.10
MTL-WW-N-15-NEG;2020-06-22;MTL-North;NA
MTL-WW-N-16;2020-07-06;MTL-North;32.59
MTL-WW-N-17;2020-08-24;MTL-North;32.74
MTL-WW-N-18;2020-08-27;MTL-North;32.44
MTL-WW-N-19;2020-08-31;MTL-North;32.56
MTL-WW-N-20;2020-09-03;MTL-North;32.98
MTL-WW-N-21;2020-09-07;MTL-North;33.10
MTL-WW-N-22;2020-09-10;MTL-North;32.60
MTL-WW-N-23;2020-09-14;MTL-North;31.30
MTL-WW-N-24;2020-09-17;MTL-North;30.59
MTL-WW-N-25;2020-09-21;MTL-North;31.14
MTL-WW-N-26;2020-09-28;MTL-North;29.88
MTL-WW-N-27;2020-10-05;MTL-North;28.99
MTL-WW-N-28;2020-10-12;MTL-North;30.02
MTL-WW-N-29;2020-10-19;MTL-North;30.87
MTL-WW-N-30;2020-10-22;MTL-North;30.81
MTL-WW-N-31;2020-11-02;MTL-North;29.82
MTL-WW-N-32;2020-11-05;MTL-North;29.86
MTL-WW-N-33;2020-11-09;MTL-North;30.00
MTL-WW-N-34;2020-11-16;MTL-North;30.98
OTT-OTHERS-N-1;NA;OTTAWA;30.55
OTT-OTHERS-N-2;NA;OTTAWA;35.30
OTT-OTHERS-N-3;NA;OTTAWA;NA
OTT-OTHERS-N-4;NA;OTTAWA;32.91
OTT-OTHERS-N-5;NA;OTTAWA;37.27
OTT-OTHERS-N-6;NA;OTTAWA;32.76
OTT-OTHERS-N-7;NA;OTTAWA;33.92
OTT-WW-N-8;2020-10-09;OTTAWA;34.10
OTT-WW-N-9;2020-10-10;OTTAWA;32.92
OTT-WW-N-10;2020-10-11;OTTAWA;34.99
OTT-WW-N-11;2020-10-12;OTTAWA;33.91
OTT-WW-N-12;2020-10-13;OTTAWA;33.42
OTT-WW-N-13;2020-10-14;OTTAWA;33.20
OTT-WW-N-14;2020-04-24;OTTAWA;36.83
OTT-WW-N-15;2020-05-05;OTTAWA;38.98
OTT-WW-N-16;2020-05-19;OTTAWA;38.28
OTT-WW-N-17;2020-06-02;OTTAWA;36.61
OTT-WW-N-18;2020-06-17;OTTAWA;35.77
OTT-WW-N-19;2020-06-30;OTTAWA;37.68
OTT-WW-N-20;2020-07-13;OTTAWA;36.04
OTT-WW-N-21;2020-07-27;OTTAWA;34.87
OTT-WW-N-22;2020-08-10;OTTAWA;37.42
OTT-WW-N-23;2020-08-22;OTTAWA;35.06
OTT-WW-N-24;2020-09-07;OTTAWA;34.33
OTT-WW-N-25;2020-09-21;OTTAWA;34.36
OTT-WW-N-26;2020-10-05;OTTAWA;33.61
OTT-WW-N-27;2020-10-19;OTTAWA;33.75
OTT-WW-N-28;2020-11-02;OTTAWA;33.45
OTT-WW-N-29;2020-11-16;OTTAWA;33.79
OTT-WW-N-30;2020-11-30;OTTAWA;32.96
OTT-WW-N-31;2020-12-14;OTTAWA;33.57
OTT-WW-N-32;2020-12-28;OTTAWA;33.70
OTT-OTHERS-N-33;NA;OTTAWA;34.54
QC-WW-N-1;2020-11-12;Quebec_City;32.08
QC-WW-N-2;2020-12-12;Quebec_City;31.92
QC-WW-N-3;2020-12-13;Quebec_City;31.97
QC-WW-N-4;2020-12-14;Quebec_City;31.3
QC-WW-N-5;2020-12-15;Quebec_City;33.31
QC-WW-N-6;2020-11-12;Quebec_City;34.44
QC-WW-N-7;2020-12-12;Quebec_City;33.71
QC-WW-N-8;2020-12-13;Quebec_City;33.46
QC-WW-N-9;2020-12-14;Quebec_City;33.5
QC-WW-N-10;2020-12-15;Quebec_City;34.26
QC-WW-N-11;2020-12-11;Quebec_City;35.95
QC-WW-N-12;2020-11-18;Quebec_City;36.3
QC-WW-N-13;2020-11-25;Quebec_City;35.7
QC-WW-N-14;2020-11-29;Quebec_City;34.88
QC-WW-N-15;2020-03-12;Quebec_City;35.32
QC-WW-N-16;2020-12-11;Quebec_City;35.14
QC-WW-N-17;2020-11-18;Quebec_City;34.21
QC-WW-N-18;2020-11-25;Quebec_City;33.64
QC-WW-N-19;2020-11-29;Quebec_City;33.02
QC-WW-N-20;2020-03-12;Quebec_City;33.36
QC-WW-N-21;2020-09-16;Quebec_City;32.09
QC-WW-N-22;2020-09-24;Quebec_City;32.07
QC-WW-N-23;2020-09-24;Quebec_City;32.70
MTL-WW-N-24;2020-12-31;Montreal_WWTP;30.02
MTL-WW-N-25;2020-12-31;Montreal_WWTP;34.06
MTL-WW-N-26;2021-04-01;Montreal_WWTP;31.31
MTL-WW-N-27;2021-04-01;Montreal_WWTP;30.32
QC-N-28-POS;NA;Quebec_City;NA
ON-Mining-N-29;2020-04-11;ON-Mining;32.60
QC_01_cpTP24h_Raw;2021-01-15;01-Int_East;27.505
QC_02_cpTP24h_Raw;2021-01-15;02-Int_West;28.36
QC_01_cpTP24h_Raw;2021-01-16;01-Int_East;27.405
QC_02_cpTP24h_Raw;2021-01-16;02-Int_West;27.1
QC_01_cpTP24h_Raw;2021-01-17;01-Int_East;24.54
QC_02_cpTP24h_Raw;2021-01-17;02-Int_West;27.07
QC_01_cpTP24h_Raw;2021-01-18;01-Int_East;NA
QC_02_cpTP24h_Raw;2021-01-18;02-Int_West;NA
QC_01_cpTP24h_Raw;2021-01-19;01-Int_East;NA
QC_02_cpTP24h_Raw;2021-01-19;02-Int_West;NA
QC_01_cpTP24h_Raw;2021-01-20;01-Int_East;NA
QC_02_cpTP24h_Raw;2021-01-20;02-Int_West;NA
QC_01_cpTP24h_Raw;2021-01-21;01-Int_East;NA
QC_02_cpTP24h_Raw;2021-01-21;02-Int_West;NA
QC_01_cpTP24h_Raw;2021-01-22;01-Int_East;34.7908993477323
QC_02_cpTP24h_Raw;2021-01-22;02-Int_West;34.5692826517421
QC_01_cpTP24h_Raw;2021-01-23;01-Int_East;34.7055712276597
QC_02_cpTP24h_Raw;2021-01-23;02-Int_West;35.127180563417
QC_01_cpTP24h_Raw;2021-01-24;01-Int_East;42.391
QC_02_cpTP24h_Raw;2021-01-24;02-Int_West;34.694528956695
QC_01_cpTP24h_Raw;2021-01-25;01-Int_East;NA
QC_02_cpTP24h_Raw;2021-01-25;02-Int_West;NA
QC_01_cpTP24h_Raw;2021-01-26;01-Int_East;NA
QC_02_cpTP24h_Raw;2021-01-26;02-Int_West;NA
QC_01_cpTP24h_Raw;2021-01-27;01-Int_East;NA
QC_02_cpTP24h_Raw;2021-01-27;02-Int_West;NA
QC_01_cpTP24h_Raw;2021-01-28;01-Int_East;NA
QC_02_cpTP24h_Raw;2021-01-28;02-Int_West;NA
QC_01_cpTP24h_Raw;2021-01-29;01-Int_East;31.5800485864146
QC_02_cpTP24h_Raw;2021-01-29;02-Int_West;31.1610724993557
QC_01_cpTP24h_Raw;2021-01-30;01-Int_East;32.5225356095185
QC_02_cpTP24h_Raw;2021-01-30;02-Int_West;31.3137401732731
QC_01_cpTP24h_Raw;2021-01-31;01-Int_East;31.3112458031129
QC_02_cpTP24h_Raw;2021-01-31;02-Int_West;31.1341322332748
QC_01_cpTP24h_Raw;2021-02-01;01-Int_East;34.1091275177457
QC_02_cpTP24h_Raw;2021-02-01;02-Int_West;34.3988115269381
QC_01_cpTP24h_Raw;2021-02-02;01-Int_East;34.7023907879177
QC_02_cpTP24h_Raw;2021-02-02;02-Int_West;34.442170306935
QC_01_cpTP24h_Raw;2021-02-03;01-Int_East;34.6532381573134
QC_02_cpTP24h_Raw;2021-02-03;02-Int_West;33.8791800207708
QC_01_cpTP24h_Raw;2021-02-04;01-Int_East;34.484208289765
QC_02_cpTP24h_Raw;2021-02-04;02-Int_West;33.0868125994551
QC_01_cpTP24h_Raw;2021-02-05;01-Int_East;35.6867872370764
QC_02_cpTP24h_Raw;2021-02-05;02-Int_West;35.2983263118397
QC_01_cpTP24h_Raw;2021-02-06;01-Int_East;36.0731622558592
QC_02_cpTP24h_Raw;2021-02-06;02-Int_West;34.3326642505585
QC_01_cpTP24h_Raw;2021-02-07;01-Int_East;35.3623626576529
QC_02_cpTP24h_Raw;2021-02-07;02-Int_West;34.8381694839492
QC_01_cpTP24h_Raw;2021-02-08;01-Int_East;36.3171675853924
QC_02_cpTP24h_Raw;2021-02-08;02-Int_West;34.5992801333959
QC_01_cpTP24h_Raw;2021-02-09;01-Int_East;35.5491010662749
QC_02_cpTP24h_Raw;2021-02-09;02-Int_West;34.2797267396063
QC_01_cpTP24h_Raw;2021-02-10;01-Int_East;35.1791110968711
QC_02_cpTP24h_Raw;2021-02-10;02-Int_West;33.7589057552725
QC_01_cpTP24h_Raw;2021-02-11;01-Int_East;35.5190408497179
QC_02_cpTP24h_Raw;2021-02-11;02-Int_West;33.7235975321168
QC_01_cpTP24h_Raw;2021-02-12;01-Int_East;40.6547294888973
QC_02_cpTP24h_Raw;2021-02-12;02-Int_West;42.391
QC_01_cpTP24h_Raw;2021-02-13;01-Int_East;42.391
QC_02_cpTP24h_Raw;2021-02-13;02-Int_West;42.391
QC_01_cpTP24h_Raw;2021-02-14;01-Int_East;42.391
QC_02_cpTP24h_Raw;2021-02-14;02-Int_West;42.391
QC_01_cpTP24h_Raw;2021-02-15;01-Int_East;33.7586618330916
QC_02_cpTP24h_Raw;2021-02-15;02-Int_West;31.3834962614987
QC_01_cpTP24h_Raw;2021-02-16;01-Int_East;32.9466300028615
QC_02_cpTP24h_Raw;2021-02-16;02-Int_West;32.3199122296202
QC_01_cpTP24h_Raw;2021-02-17;01-Int_East;34.2977723113924
QC_02_cpTP24h_Raw;2021-02-17;02-Int_West;34.2077036075869
QC_01_cpTP24h_Raw;2021-02-18;01-Int_East;33.7658086000446
QC_02_cpTP24h_Raw;2021-02-18;02-Int_West;33.2451902257413
QC_01_cpTP24h_Raw;2021-02-19;01-Int_East;34.7033494068926
QC_02_cpTP24h_Raw;2021-02-19;02-Int_West;34.4428949127891
QC_01_cpTP24h_Raw;2021-02-20;01-Int_East;34.2183374069478
QC_02_cpTP24h_Raw;2021-02-20;02-Int_West;42.391
QC_01_cpTP24h_Raw;2021-02-21;01-Int_East;33.5844433666042
QC_02_cpTP24h_Raw;2021-02-21;02-Int_West;39.7435738965099
QC_01_cpTP24h_Raw;2021-02-22;01-Int_East;35.3620571671793
QC_02_cpTP24h_Raw;2021-02-22;02-Int_West;35.6312167424529
QC_01_cpTP24h_Raw;2021-02-23;01-Int_East;35.5662822065115
QC_02_cpTP24h_Raw;2021-02-23;02-Int_West;36.0837319638507
QC_01_cpTP24h_Raw;2021-02-24;01-Int_East;35.7050707567986
QC_02_cpTP24h_Raw;2021-02-24;02-Int_West;34.6586152581699
QC_01_cpTP24h_Raw;2021-02-25;01-Int_East;34.6054236891858
QC_02_cpTP24h_Raw;2021-02-25;02-Int_West;34.8203592653722
QC_01_cpTP24h_Raw;2021-02-26;01-Int_East;36.7125707644721
QC_02_cpTP24h_Raw;2021-02-26;02-Int_West;36.0976260646085
QC_01_cpTP24h_Raw;2021-02-27;01-Int_East;35.0591204577751
QC_02_cpTP24h_Raw;2021-02-27;02-Int_West;36.179344195807
QC_01_cpTP24h_Raw;2021-02-28;01-Int_East;36.2298056663322
QC_02_cpTP24h_Raw;2021-02-28;02-Int_West;35.9150949648384
QC_03-1_cpTP24h_Raw;2021-02-28;03.1-CHSLD_Charlesbourg_Tank;36.8351399698167
QC_01_cpTP24h_Raw;2021-03-01;01-Int_East;38.3140449442537
QC_02_cpTP24h_Raw;2021-03-01;02-Int_West;34.7836065390577
QC_01_cpTP24h_Raw;2021-03-02;01-Int_East;36.3623226089671
QC_02_cpTP24h_Raw;2021-03-02;02-Int_West;35.7362462003585
QC_01_cpTP24h_Raw;2021-03-03;01-Int_East;34.9374797690321
QC_02_cpTP24h_Raw;2021-03-03;02-Int_West;33.836485242472
QC_01_cpTP24h_Raw;2021-03-04;01-Int_East;35.2322210565877
QC_02_cpTP24h_Raw;2021-03-04;02-Int_West;34.6566300236841
QC_01_cpTP24h_Raw;2021-03-05;01-Int_East;36.456440697017
QC_02_cpTP24h_Raw;2021-03-05;02-Int_West;35.6083286268281
QC_01_cpTP24h_Raw;2021-03-06;01-Int_East;35.4603700929047
QC_02_cpTP24h_Raw;2021-03-06;02-Int_West;36.026029909566
QC_01_cpTP24h_Raw;2021-03-07;01-Int_East;40.3749077910632
QC_02_cpTP24h_Raw;2021-03-07;02-Int_West;36.3521568633756
QC_01_cpTP24h_Raw;2021-03-08;01-Int_East;35.8224649744383
QC_02_cpTP24h_Raw;2021-03-08;02-Int_West;37.9325212882515
QC_01_cpTP24h_Raw;2021-03-09;01-Int_East;36.9517620216099
QC_02_cpTP24h_Raw;2021-03-09;02-Int_West;37.3789109683502
QC_01_cpTP24h_Raw;2021-03-10;01-Int_East;36.4205869063617
QC_02_cpTP24h_Raw;2021-03-10;02-Int_West;36.6434797165085
QC_01_cpTP24h_Raw;2021-03-11;01-Int_East;35.8002381895249
QC_02_cpTP24h_Raw;2021-03-11;02-Int_West;36.4909996211715
QC_01_cpTP24h_Raw;2021-03-12;01-Int_East;37.8919859580906
QC_02_cpTP24h_Raw;2021-03-12;02-Int_West;37.5382744032036
QC_03-1_cpTP24h_Raw;2021-03-12;03.1-CHSLD_Charlesbourg_BeforePump;39.8826458266112
QC_01_cpTP24h_Raw;2021-03-13;01-Int_East;37.1359056373202
QC_02_cpTP24h_Raw;2021-03-13;02-Int_West;37.1089442706114
QC_03-1_cpTP24h_Raw;2021-03-13;03.1-CHSLD_Charlesbourg_BeforePump;41.412629783671
QC_01_cpTP24h_Raw;2021-03-14;01-Int_East;35.9695028294573
QC_02_cpTP24h_Raw;2021-03-14;02-Int_West;39.48742571192
QC_03-1_cpTP24h_Raw;2021-03-14;03.1-CHSLD_Charlesbourg_BeforePump;41.0568063307572
QC_01_cpTP24h_Raw;2021-03-15;01-Int_East;34.437692473499
QC_02_cpTP24h_Raw;2021-03-15;02-Int_West;34.8192057546981
QC_01_cpTP24h_Raw;2021-03-16;01-Int_East;33.7704177842306
QC_02_cpTP24h_Raw;2021-03-16;02-Int_West;34.2948966499698
QC_01_cpTP24h_Raw;2021-03-17;01-Int_East;33.6415125993852
QC_02_cpTP24h_Raw;2021-03-17;02-Int_West;34.1796089246309
QC_01_cpTP24h_Raw;2021-03-18;01-Int_East;33.7012732492238
QC_02_cpTP24h_Raw;2021-03-18;02-Int_West;33.9551353121391
QC_01_cpTP24h_Raw;2021-03-19;01-Int_East;32.9360417964344
QC_02_cpTP24h_Raw;2021-03-19;02-Int_West;33.9916473368166
QC_01_cpTP24h_Raw;2021-03-20;01-Int_East;33.6322167985028
QC_02_cpTP24h_Raw;2021-03-20;02-Int_West;34.1571382394381
QC_01_cpTP24h_Raw;2021-03-21;01-Int_East;33.8562790732083
QC_02_cpTP24h_Raw;2021-03-21;02-Int_West;34.0727742836675
QC_01_cpTP24h_Raw;2021-03-22;01-Int_East;34.173748955025
QC_02_cpTP24h_Raw;2021-03-22;02-Int_West;35.706595033352
QC_01_cpTP24h_Raw;2021-03-23;01-Int_East;42.391
QC_02_cpTP24h_Raw;2021-03-23;02-Int_West;42.391
QC_01_cpTP24h_Raw;2021-03-23;01-Int_East;34.2185125455403
QC_02_cpTP24h_Raw;2021-03-23;02-Int_West;40.4410079036073
QC_01_cpTP24h_Raw;2021-03-24;01-Int_East;33.0472847124542
QC_02_cpTP24h_Raw;2021-03-24;02-Int_West;30.6058974850529
QC_01_cpTP24h_Raw;2021-03-25;01-Int_East;32.5812590101569
QC_02_cpTP24h_Raw;2021-03-25;02-Int_West;32.6921502544714
QC_01_cpTP24h_Raw;2021-03-26;01-Int_East;33.3113897487451
QC_02_cpTP24h_Raw;2021-03-26;02-Int_West;33.1050390235307
QC_01_cpTP24h_Raw;2021-03-27;01-Int_East;34.5116930408322
QC_02_cpTP24h_Raw;2021-03-27;02-Int_West;33.1594873239684
QC_01_cpTP24h_Raw;2021-03-28;01-Int_East;32.2214387488645
QC_02_cpTP24h_Raw;2021-03-28;02-Int_West;33.4817034281952
QC_01_cpTP24h_Raw;2021-03-29;01-Int_East;33.0332584545349
QC_02_cpTP24h_Raw;2021-03-29;02-Int_West;32.6965461270661
QC_01_cpTP24h_Raw;2021-03-30;01-Int_East;33.8659051615978
QC_02_cpTP24h_Raw;2021-03-30;02-Int_West;32.1569319948646
QC_01_cpTP24h_Raw;2021-03-29;01-Int_East;33.2156181174128
QC_02_cpTP24h_Raw;2021-03-29;02-Int_West;32.9060084092779
QC_01_cpTP24h_Raw;2021-03-30;01-Int_East;32.5185421031764
QC_02_cpTP24h_Raw;2021-03-30;02-Int_West;32.4179725153548
QC_01_cpTP24h_Raw;2021-03-31;01-Int_East;31.9742824267037
QC_02_cpTP24h_Raw;2021-03-31;02-Int_West;31.9016633972607
QC_01_cpTP24h_Raw;2021-04-01;01-Int_East;32.4242661865125
QC_02_cpTP24h_Raw;2021-04-01;02-Int_West;33.0400322182469
QC_01_cpTP24h_Raw;2021-04-02;01-Int_East;32.1835753688855
QC_02_cpTP24h_Raw;2021-04-02;02-Int_West;31.8974223640115
QC_01_cpTP24h_Raw;2021-04-03;01-Int_East;32.2172585429541
QC_02_cpTP24h_Raw;2021-04-03;02-Int_West;29.365726996694
QC_01_cpTP24h_Raw;2021-04-04;01-Int_East;30.5211242641458
QC_02_cpTP24h_Raw;2021-04-04;02-Int_West;32.5338054320119
QC_01_cpTP24h_Raw;2021-04-05;01-Int_East;30.8949995760817
QC_02_cpTP24h_Raw;2021-04-05;02-Int_West;33.1608481885343
QC_04_grb_Raw;2021-04-06;04-Beauport_Charlesbourg;32.9108698056745
QC_05_grb_Raw;2021-04-06;05-Maizerets;30.2238823678413
QC_01_cpTP24h_Raw;2021-04-06;01-Int_East;31.7419137557486
QC_02_cpTP24h_Raw;2021-04-06;02-Int_West;30.4376938596611
QC_03-2_PS_Filter;2021-04-06;03.2-CHSLD_Charlesbourg_FirstManhole;29.7821533178273
QC_03-2_PS_Qtips;2021-04-06;03.2-CHSLD_Charlesbourg_FirstManhole;33.9755879414316
QC_04_grb_Raw;2021-04-07;04-Beauport_Charlesbourg;31.9606264652259
QC_05_grb_Raw;2021-04-07;05-Maizerets;30.4391851717301
QC_01_cpTP24h_Raw;2021-04-07;01-Int_East;30.6518544022622
QC_02_cpTP24h_Raw;2021-04-07;02-Int_West;30.8756688463563
QC_01_cpTP24h_Raw;2021-04-08;01-Int_East;29.9264717481768
QC_02_cpTP24h_Raw;2021-04-08;02-Int_West;30.2594828246276
QC_04_grb_Raw;2021-04-08;04-Beauport_Charlesbourg;30.2187238425247
QC_05_grb_Raw;2021-04-08;05-Maizerets;31.123058924058
QC_01_cpTP24h_Raw;2021-04-07;01-Int_East;30.6767868963471
QC_02_cpTP24h_Raw;2021-04-07;02-Int_West;30.5926635102516
QC_03-2_PS_Filter;2021-04-07;03.2-CHSLD_Charlesbourg_FirstManhole;42.391
QC_01_cpTP24h_Raw;2021-04-08;01-Int_East;30.145776053968
QC_02_cpTP24h_Raw;2021-04-08;02-Int_West;30.3330973806556
QC_05_grb_Raw;2021-04-08;05-Maizerets;30.2171186815329
QC_04_grb_Raw;2021-04-08;04-Beauport_Charlesbourg;29.8901320732952
QC_06.1_PS_Filter;2021-04-08;06.1-CHSLD_Saint_Augustin_Pipe_in_kitchen;42.391
QC_07.1_PS_Filter;2021-04-08;07.1-Lauberiviere_Parking;42.391
QC_01_cpTP24h_Raw;2021-04-09;01-Int_East;30.3231384791561
QC_02_cpTP24h_Raw;2021-04-09;02-Int_West;30.6799165711916
QC_04_grb_Raw;2021-04-09;04-Beauport_Charlesbourg;29.3584393196214
QC_05_grb_Raw;2021-04-09;05-Maizerets;31.8815025590783
QC_01_cpTP24h_Raw;2021-04-10;01-Int_East;30.148941036574
QC_02_cpTP24h_Raw;2021-04-10;02-Int_West;30.5081017895066
QC_01_cpTP24h_Raw;2021-04-11;01-Int_East;30.8350581275346
QC_02_cpTP24h_Raw;2021-04-11;02-Int_West;42.391
QC_01_cpTP24h_Raw;2021-04-12;01-Int_East;30.890992837789
QC_02_cpTP24h_Raw;2021-04-12;02-Int_West;31.6898965658395
QC_04_grb_Raw;2021-04-12;04-Beauport_Charlesbourg;30.610514187633
QC_05_grb_Raw;2021-04-12;05-Maizerets;29.8297132178868
QC_01_cpTP24h_Raw;2021-04-13;01-Int_East;31.0652405028987
QC_02_cpTP24h_Raw;2021-04-13;02-Int_West;30.7520349976434
QC_04_grb_Raw;2021-04-13;04-Beauport_Charlesbourg;29.7382022782953
QC_05_grb_Raw;2021-04-13;05-Maizerets;30.0309816561021
QC_03-3_PS_Filter;2021-04-12;03.3-CHSLD_Charlesbourg_SecondManhole;31.1183187948756
QC_07.1_PS_Filter;2021-04-12;07.1-Lauberiviere_Parking;32.1690869567483
QC_08_PS_Filter;2021-04-12;08-CHSLD_Saint_Antoine;30.7783781909654
QC_06.1_PS_Filter;2021-04-12;06.1-CHSLD_Saint_Augustin_Pipe_in_kitchen;29.4823704601388
QC_01_cpTP24h_Raw;2021-04-14;01-Int_East;31.1618138128863
QC_02_cpTP24h_Raw;2021-04-14;02-Int_West;30.9480965867465
QC_04_grb_Raw;2021-04-14;04-Beauport_Charlesbourg;30.5494729262396
QC_05_grb_Raw;2021-04-14;05-Maizerets;31.3380769948225
QC_03-2_PS_Filter;2021-04-14;03.2-CHSLD_Charlesbourg_FirstManhole;42.391
QC_03-3_PS_Filter;2021-04-14;03.3-CHSLD_Charlesbourg_SecondManhole;42.391
QC_06.1_PS_Filter;2021-04-14;06.1-CHSLD_Saint_Augustin_Pipe_in_kitchen;42.391
QC_07.1_PS_Filter;2021-04-14;07.1-Lauberiviere_Parking;42.391
QC_07.2_PS_Filter;2021-04-14;07.2-Lauberiviere_Pipe_in_0_Floor;42.391
QC_08_PS_Filter;2021-04-14;08-CHSLD_Saint_Antoine;42.391
QC_01_cpTP24h_Raw;2021-04-15;01-Int_East;32.3989453331948
QC_02_cpTP24h_Raw;2021-04-15;02-Int_West;32.5097500025518
QC_04_grb_Raw;2021-04-15;04-Beauport_Charlesbourg;29.2252868586222
QC_05_grb_Raw;2021-04-15;05-Maizerets;30.8712513438789
QC_03-2_PS24h_Filter;2021-04-19;03.2-CHSLD_Charlesbourg_FirstManhole;40.4538015018574
QC_03-3_PS24h_Filter;2021-04-19;03.3-CHSLD_Charlesbourg_SecondManhole;42.391
QC_06.1_PS24h_Filter;2021-04-19;06.1-CHSLD_Saint_Augustin_Pipe_in_kitchen;39.5898560056915
QC_07.1_PS24h_Filter;2021-04-19;07.1-Lauberiviere_Parking;42.391
QC_07.2_PS24h_Filter;2021-04-19;07.2-Lauberiviere_0Floor;39.8644629049901
QC_08_PS24h_Filter;2021-04-19;08-CHSLD_Saint_Antoine;42.391
QC_09_PS24h_Filter;2021-04-19;09-Squat_Basse-Ville;42.391
QC_03-2_PS48h_Filter;2021-04-16;03.2-CHSLD_Charlesbourg_FirstManhole;42.391
QC_03-3_PS48h_Filter;2021-04-16;03.3-CHSLD_Charlesbourg_SecondManhole;42.391
QC_06.1_PS48h_Filter;2021-04-16;06.1-CHSLD_Saint_Augustin_Pipe_in_kitchen;42.391
QC_07.1_PS48h_Filter;2021-04-16;07.1-Lauberiviere_Parking;42.391
QC_07.2_PS48h_Filter;2021-04-16;07.2-Lauberiviere_0Floor;39.7531869028491
QC_08_PS48h_Filter;2021-04-16;08-CHSLD_Saint_Antoine;42.391
QC_01_cpTP24h_Raw;2021-04-16;01-Int_East;32.2953987702296
QC_02_cpTP24h_Raw;2021-04-16;02-Int_West;31.7913764650457
QC_04_grb_Raw;2021-04-16;04-Beauport_Charlesbourg;29.3715803386964
QC_05_grb_Raw;2021-04-16;05-Maizerets;32.3356371586707
QC_01_cpTP24h_Raw;2021-04-17;01-Int_East;32.9641380931659
QC_02_cpTP24h_Raw;2021-04-17;02-Int_West;32.2398056963861
QC_04_grb_Raw;2021-04-17;04-Beauport_Charlesbourg;32.0275196524716
QC_05_grb_Raw;2021-04-17;05-Maizerets;32.0166703947093
QC_01_cpTP24h_Raw;2021-04-18;01-Int_East;31.7338085846697
QC_02_cpTP24h_Raw;2021-04-18;02-Int_West;32.5084298851827
QC_04_grb_Raw;2021-04-18;04-Beauport_Charlesbourg;31.5839654701456
QC_05_grb_Raw;2021-04-18;05-Maizerets;31.1481263349714
QC_01_cpTP24h_Raw;2021-04-19;01-Int_East;31.6286538651002
QC_02_cpTP24h_Raw;2021-04-19;02-Int_West;31.5102369820287
QC_04_grb_Raw;2021-04-19;04-Beauport_Charlesbourg;30.8633322592731
QC_05_grb_Raw;2021-04-19;05-Maizerets;28.9463669803165
QC_03-2_PS24h_Filter;2021-04-20;03.2-CHSLD_Charlesbourg_FirstManhole;39.9913156874548
QC_03-3_PS24h_Filter;2021-04-20;03.3-CHSLD_Charlesbourg_SecondManhole;42.391
QC_06.1_PS24h_Filter;2021-04-20;06.1-CHSLD_Saint_Augustin_Pipe_in_kitchen;42.391
QC_07.1_PS24h_Filter;2021-04-20;07.1-Lauberiviere_Parking;42.391
QC_07.2_PS24h_Filter;2021-04-20;07.2-Lauberiviere_0Floor;42.391
QC_08_PS24h_Filter;2021-04-20;08-CHSLD_Saint_Antoine;42.391
QC_09_PS24h_Filter;2021-04-20;09-Squat_Basse-Ville;42.391
QC_03-2_PS24h_Filter;2021-04-21;03.2-CHSLD_Charlesbourg_FirstManhole;42.391
QC_03-3_PS24h_Filter;2021-04-21;03.3-CHSLD_Charlesbourg_SecondManhole;42.391
QC_06.1_PS24h_Filter;2021-04-21;06.1-CHSLD_Saint_Augustin_Pipe_in_kitchen;39.5206564310337
QC_07.1_PS24h_Filter;2021-04-21;07.1-Lauberiviere_Parking;42.391
QC_07.2_PS24h_Filter;2021-04-21;07.2-Lauberiviere_0Floor;42.391
QC_08_PS24h_Filter;2021-04-21;08-CHSLD_Saint_Antoine;42.391
QC_09_PS24h_Filter;2021-04-21;09-Squat_Basse-Ville;42.391
QC_01_cpTP24h_Raw;2021-04-20;01-Int_East;31.215047495643
QC_02_cpTP24h_Raw;2021-04-20;02-Int_West;31.4406154532809
QC_04_grb_Raw;2021-04-20;04-Beauport_Charlesbourg;32.5218719795194
QC_05_grb_Raw;2021-04-20;05-Maizerets;33.4386432840341
QC_01_cpTP24h_Raw;2021-04-21;01-Int_East;31.4643400284479
QC_02_cpTP24h_Raw;2021-04-21;02-Int_West;29.3652775436113
QC_04_grb_Raw;2021-04-21;04-Beauport_Charlesbourg;31.3871851757506
QC_05_grb_Raw;2021-04-21;05-Maizerets;31.6417267162092
QC_03-2_PS24h_Filter;2021-04-22;03.2-CHSLD_Charlesbourg_FirstManhole;39.5530302530944
QC_06.1_PS24h_Filter;2021-04-22;06.1-CHSLD_Saint_Augustin_Pipe_in_kitchen;42.391
QC_07.1_PS24h_Filter;2021-04-22;07.1-Lauberiviere_Parking;42.391
QC_07.2_PS24h_Filter;2021-04-22;07.2-Lauberiviere_0Floor;39.9569107541092
QC_08_PS24h_Filter;2021-04-22;08-CHSLD_Saint_Antoine;42.391
QC_09_PS24h_Filter;2021-04-22;09-Squat_Basse-Ville;42.391
QC_01_cpTP24h_Raw;2021-04-22;01-Int_East;31.2709484734963
QC_02_cpTP24h_Raw;2021-04-22;02-Int_West;30.3763364978823
QC_04_grb_Raw;2021-04-22;04-Beauport_Charlesbourg;31.0770471149622
QC_05_grb_Raw;2021-04-22;05-Maizerets;31.6021967343993
QC_06.1_PS24h_Filter;2021-04-23;06.1-CHSLD_Saint_Augustin_Pipe_in_kitchen;42.391
QC_07.1_PS24h_Filter;2021-04-23;07.1-Lauberiviere_Parking;42.391
QC_07.2_PS24h_Filter;2021-04-23;07.2-Lauberiviere_0Floor;40.1549480064885
QC_08_PS24h_Filter;2021-04-23;08-CHSLD_Saint_Antoine;40.1167798299087
QC_09_PS24h_Filter;2021-04-23;09-Squat_Basse-Ville;42.391
QC_03-2_PS72h_Filter;2021-04-26;03.2-CHSLD_Charlesbourg_FirstManhole;32.6611550091422
QC_03-3_PS72h_Filter;2021-04-26;03.3-CHSLD_Charlesbourg_SecondManhole;39.4908998455412
QC_06.1_PS72h_Filter;2021-04-26;06.1-CHSLD_Saint_Augustin_Pipe_in_kitchen;39.748022772057
QC_07.1_PS72h_Filter;2021-04-26;07.1-Lauberiviere_Parking;38.7097280132771
QC_07.2_PS72h_Filter;2021-04-26;07.2-Lauberiviere_0Floor;42.391
QC_08_PS72h_Filter;2021-04-26;08-CHSLD_Saint_Antoine;39.7587526784236
QC_09_PS72h_Filter;2021-04-26;09-Squat_Basse-Ville;42.391
QC_01_cpTP24h_Raw;2021-04-23;01-Int_East;31.8994659254501
QC_02_cpTP24h_Raw;2021-04-23;02-Int_West;30.6675417178768
QC_04_grb_Raw;2021-04-23;04-Beauport_Charlesbourg;31.5391111959115
QC_05_grb_Raw;2021-04-23;05-Maizerets;30.4821189133728
QC_01_cpTP24h_Raw;2021-04-24;01-Int_East;32.9867094709216
QC_02_cpTP24h_Raw;2021-04-24;02-Int_West;30.7753437209605
QC_04_grb_Raw;2021-04-24;04-Beauport_Charlesbourg;31.388226293557
QC_05_grb_Raw;2021-04-24;05-Maizerets;31.2966687060483
QC_01_cpTP24h_Raw;2021-04-25;01-Int_East;31.4949647245257
QC_02_cpTP24h_Raw;2021-04-25;02-Int_West;30.7113312563487
QC_04_grb_Raw;2021-04-25;04-Beauport_Charlesbourg;31.5283185375068
QC_05_grb_Raw;2021-04-25;05-Maizerets;28.1032607254694
QC_01_cpTP24h_Raw;2021-04-26;01-Int_East;32.2966315484941
QC_02_cpTP24h_Raw;2021-04-26;02-Int_West;31.5838205856715
QC_04_grb_Raw;2021-04-26;04-Beauport_Charlesbourg;29.6279293811876
QC_05_grb_Raw;2021-04-26;05-Maizerets;30.5226763026761
QC_03-2_PS24h_Filter;2021-04-27;03.2-CHSLD_Charlesbourg_FirstManhole;42.391
QC_03-3_PS24h_Filter;2021-04-27;03.3-CHSLD_Charlesbourg_SecondManhole;42.391
QC_06.1_PS24h_Filter;2021-04-27;06.1-CHSLD_Saint_Augustin_Pipe_in_kitchen;42.391
QC_07.1_PS24h_Filter;2021-04-27;07.1-Lauberiviere_Parking;39.9488551523743
QC_08_PS24h_Filter;2021-04-27;08-CHSLD_Saint_Antoine;42.391
QC_09_PS24h_Filter;2021-04-27;09-Squat_Basse-Ville;42.391
QC_03-2_PS24h_Filter;2021-04-28;03.2-CHSLD_Charlesbourg_FirstManhole;42.391
QC_03-3_PS24h_Filter;2021-04-28;03.3-CHSLD_Charlesbourg_SecondManhole;36.4326006550308
QC_06.1_PS24h_Filter;2021-04-28;06.1-CHSLD_Saint_Augustin_Pipe_in_kitchen;42.391
QC_07.1_PS24h_Filter;2021-04-28;07.1-Lauberiviere_Parking;35.8211708581761
QC_07.2_PS24h_Filter;2021-04-28;07.2-Lauberiviere_Pipe_in_0_Floor;35.2116413713532
QC_08_PS24h_Filter;2021-04-28;08-CHSLD_Saint_Antoine;42.391
QC_09_PS24h_Filter;2021-04-28;09-Squat_Basse-Ville;42.391
QC_01_cpTP24h_Raw;2021-04-27;01-Int_East;32.2944399516178
QC_02_cpTP24h_Raw;2021-04-27;02-Int_West;31.8543833307813
QC_04_grb_Raw;2021-04-27;04-Beauport_Charlesbourg;31.4356767962234
QC_05_grb_Raw;2021-04-27;05-Maizerets;31.1774602708339
QC_01_cpTP24h_Raw;2021-04-28;01-Int_East;32.7821633165475
QC_02_cpTP24h_Raw;2021-04-28;02-Int_West;32.4292139277429
QC_04_grb_Raw;2021-04-28;04-Beauport_Charlesbourg;31.1439737548913
QC_05_grb_Raw;2021-04-28;05-Maizerets;31.6550870771314
QC_03-2_PS24h_Filter;2021-04-29;03.2-CHSLD_Charlesbourg_FirstManhole;36.462858961048
QC_03-3_PS24h_Filter;2021-04-29;03.3-CHSLD_Charlesbourg_SecondManhole;38.1122078391586
QC_06.1_PS24h_Filter;2021-04-29;06.1-CHSLD_Saint_Augustin_Pipe_in_kitchen;39.9145569626185
QC_07.1_PS24h_Filter;2021-04-29;07.1-Lauberiviere_Parking;36.7933808269624
QC_07.2_PS24h_Filter;2021-04-29;07.2-Lauberiviere_Pipe_in_0_Floor;39.9011372012738
QC_08_PS24h_Filter;2021-04-29;08-CHSLD_Saint_Antoine;36.8372133730136
QC_09_PS24h_Filter;2021-04-29;09-Squat_Basse-Ville;39.5111041884246
QC_03-2_PS24h_Filter;2021-04-30;03.2-CHSLD_Charlesbourg_FirstManhole;37.3212612868047
QC_03-3_PS24h_Filter;2021-04-30;03.3-CHSLD_Charlesbourg_SecondManhole;40.0701905748945
QC_06.1_PS24h_Filter;2021-04-30;06.1-CHSLD_Saint_Augustin_Pipe_in_kitchen;42.391
QC_07.1_PS24h_Filter;2021-04-30;07.1-Lauberiviere_Parking;39.6060114543261
QC_07.2_PS24h_Filter;2021-04-30;07.2-Lauberiviere_Pipe_in_0_Floor;39.9555418192772
QC_08_PS24h_Filter;2021-04-30;08-CHSLD_Saint_Antoine;39.808127553713
QC_09_PS24h_Filter;2021-04-30;09-Squat_Basse-Ville;42.391
QC_01_cpTP24h_Raw;2021-04-29;01-Int_East;32.5807334609647
QC_02_cpTP24h_Raw;2021-04-29;02-Int_West;32.2378234835984
QC_04_grb_Raw;2021-04-29;04-Beauport_Charlesbourg;34.5813316880281
QC_05_grb_Raw;2021-04-29;05-Maizerets;31.8709580999734
QC_01_cpTP24h_Raw;2021-04-30;01-Int_East;32.2424257115346
QC_02_cpTP24h_Raw;2021-04-30;02-Int_West;33.011636865533
QC_04_grb_Raw;2021-04-30;04-Beauport_Charlesbourg;30.6912058569157
QC_05_grb_Raw;2021-04-30;05-Maizerets;31.9769469637226
QC_01_cpTP24h_Raw;2021-05-01;01-Int_East;32.475925588923
QC_02_cpTP24h_Raw;2021-05-01;02-Int_West;33.2645175841173
QC_04_grb_Raw;2021-05-01;04-Beauport_Charlesbourg;32.7040631887088
QC_05_grb_Raw;2021-05-01;05-Maizerets;33.3244772982238
QC_01_cpTP24h_Raw;2021-05-02;01-Int_East;31.5857359161736
QC_02_cpTP24h_Raw;2021-05-02;02-Int_West;32.3916263851957
QC_04_grb_Raw;2021-05-02;04-Beauport_Charlesbourg;31.2947315080004
QC_05_grb_Raw;2021-05-02;05-Maizerets;29.6824496984267
QC_03-2_PS72h_Filter;2021-05-03;03.2-CHSLD_Charlesbourg_FirstManhole;36.8126399412842
QC_03-3_PS72h_Filter;2021-05-03;03.3-CHSLD_Charlesbourg_SecondManhole;42.391
QC_06.1_PS72h_Filter;2021-05-03;06.1-CHSLD_Saint_Augustin_Pipe_in_kitchen;39.7417986367933
QC_07.2_PS72h_Filter;2021-05-03;07.2-Lauberiviere_Pipe_in_0_Floor;39.496433010799
QC_08_PS72h_Filter;2021-05-03;08-CHSLD_Saint_Antoine;42.391
QC_09_PS72h_Filter;2021-05-03;09-Squat_Basse-Ville;42.391
QC_01_cpTP24h_Raw;2021-05-03;01-Int_East;32.3469520511092
QC_02_cpTP24h_Raw;2021-05-03;02-Int_West;31.3016942397679
QC_04_grb_Raw;2021-05-03;04-Beauport_Charlesbourg;32.3731555669662
QC_05_grb_Raw;2021-05-03;05-Maizerets;31.625839750381
QC_03-2_PS24h_Filter;2021-05-04;03.2-CHSLD_Charlesbourg_FirstManhole;42.391
QC_03-3_PS24h_Filter;2021-05-04;03.3-CHSLD_Charlesbourg_SecondManhole;39.3944128885001
QC_06.1_PS24h_Filter;2021-05-04;06.1-CHSLD_Saint_Augustin_Pipe_in_kitchen;42.391
QC_07.1_PS96h_Filter;2021-05-04;07.1-Lauberiviere_Parking;40.4590175253758
QC_07.2_PS24h_Filter;2021-05-04;07.2-Lauberiviere_Pipe_in_0_Floor;36.2850327078263
QC_08_PS24h_Filter;2021-05-04;08-CHSLD_Saint_Antoine;39.5749457609288
QC_09_PS24h_Filter;2021-05-04;09-Squat_Basse-Ville;39.5086278537765
QC_01_cpFP24h_Raw;2021-05-04;01-Int_East;33.054965518526
QC_02_cpFP24h_Raw;2021-05-04;02-Int_West;32.9901945847956
QC_04_grb_Raw;2021-05-04;04-Beauport_Charlesbourg;33.7372680031806
QC_05_grb_Raw;2021-05-04;05-Maizerets;34.5658768301073
QC_03-2_PS24h_Filter;2021-05-05;03.2-CHSLD_Charlesbourg_FirstManhole;39.2566905781881
QC_03-3_PS24h_Filter;2021-05-05;03.3-CHSLD_Charlesbourg_SecondManhole;38.4075535725996
QC_06.1_PS24h_Filter;2021-05-05;06.1-CHSLD_Saint_Augustin_Pipe_in_kitchen;40.7948493169831
QC_07.1_PS24h_Filter;2021-05-05;07.1-Lauberiviere_Parking;38.6011300289843
QC_07.2_PS24h_Filter;2021-05-05;07.2-Lauberiviere_Pipe_in_0_Floor;38.385539059289
QC_08_PS24h_Filter;2021-05-05;08-CHSLD_Saint_Antoine;37.4400634338875
QC_09_PS24h_Filter;2021-05-05;09-Squat_Basse-Ville;38.5517304546432
QC_10_PS24h_Filter;2021-05-05;10-HLM_La_Chancelière;36.2739792382256
QC_01_cpFP24h_Raw;2021-05-05;01-Int_East;32.9801291009051
QC_02_cpFP24h_Raw;2021-05-05;02-Int_West;32.0367636268292
QC_04_grb_Raw;2021-05-05;04-Beauport_Charlesbourg;32.0921045991274
QC_05_grb_Raw;2021-05-05;05-Maizerets;30.9814416366299
QC_03-2_PS24h_Filter;2021-05-06;03.2-CHSLD_Charlesbourg_FirstManhole;40.5408278417061
QC_03-3_PS24h_Filter;2021-05-06;03.3-CHSLD_Charlesbourg_SecondManhole;42.391
QC_06.1_PS24h_Filter;2021-05-06;06.1-CHSLD_Saint_Augustin_Pipe_in_kitchen;41.0892679736453
QC_07.1_PS24h_Filter;2021-05-06;07.1-Lauberiviere_Parking;41.1244883145515
QC_07.2_PS24h_Filter;2021-05-06;07.2-Lauberiviere_Pipe_in_0_Floor;40.6720234039639
QC_08_PS24h_Filter;2021-05-06;08-CHSLD_Saint_Antoine;40.3788460272915
QC_09_PS24h_Filter;2021-05-06;09-Squat_Basse-Ville;37.4750001438774
QC_10_PS24h_Filter;2021-05-06;10-HLM_La_Chancelière;40.4333610424393
QC_03-2_PS24h_Filter;2021-05-07;03.2-CHSLD_Charlesbourg_FirstManhole;42.391
QC_03-3_PS24h_Filter;2021-05-07;03.3-CHSLD_Charlesbourg_SecondManhole;42.391
QC_06.1_PS24h_Filter;2021-05-07;06.1-CHSLD_Saint_Augustin_Pipe_in_kitchen;41.2445170754435
QC_07.1_PS24h_Filter;2021-05-07;07.1-Lauberiviere_Parking;42.391
QC_07.2_PS24h_Filter;2021-05-07;07.2-Lauberiviere_Pipe_in_0_Floor;39.8257666031396
QC_08_PS24h_Filter;2021-05-07;08-CHSLD_Saint_Antoine;40.4997391066842
QC_09_PS24h_Filter;2021-05-07;09-Squat_Basse-Ville;40.9562871398112
QC_10_PS24h_Filter;2021-05-07;10-HLM_La_Chancelière;42.391
QC_03-2_PS24h_Gauze;2021-05-07;03.2-CHSLD_Charlesbourg_FirstManhole;42.391
QC_03-3_PS24h_Gauze;2021-05-07;03.3-CHSLD_Charlesbourg_SecondManhole;42.391
QC_06.1_PS24h_Gauze;2021-05-07;06.1-CHSLD_Saint_Augustin_Pipe_in_kitchen;42.391
QC_07.1_PS24h_Gauze;2021-05-07;07.1-Lauberiviere_Parking;42.391
QC_07.2_PS24h_Gauze;2021-05-07;07.2-Lauberiviere_Pipe_in_0_Floor;42.391
QC_08_PS24h_Gauze;2021-05-07;08-CHSLD_Saint_Antoine;42.391
QC_09_PS24h_Gauze;2021-05-07;09-Squat_Basse-Ville;42.391
QC_10_PS24h_Gauze;2021-05-07;10-HLM_La_Chancelière;40.8949045854966
QC_01_cpFP24h_Raw;2021-05-06;01-Int_East;32.4672594519348
QC_02_cpFP24h_Raw;2021-05-06;02-Int_West;33.7910212823337
QC_04_grb_Raw;2021-05-06;04-Beauport_Charlesbourg;30.7499444989601
QC_05_grb_Raw;2021-05-06;05-Maizerets;31.2765701748797
QC_03-2_PS72h_Filter;2021-05-10;03.2-CHSLD_Charlesbourg_FirstManhole;42.391
QC_03-3_PS72h_Filter;2021-05-10;03.3-CHSLD_Charlesbourg_SecondManhole;41.1791510895736
QC_06.1_PS72h_Filter;2021-05-10;06.1-CHSLD_Saint_Augustin_Pipe_in_kitchen;42.391
QC_07.1_PS72h_Filter;2021-05-10;07.1-Lauberiviere_Parking;28.0553483006543
QC_07.2_PS72h_Filter;2021-05-10;07.2-Lauberiviere_Pipe_in_0_Floor;35.9052237086755
QC_08_PS72h_Filter;2021-05-10;08-CHSLD_Saint_Antoine;42.391
QC_09_PS72h_Filter;2021-05-10;09-Squat_Basse-Ville;42.391
QC_10_PS72h_Filter;2021-05-10;10-HLM_La_Chancelière;40.7097605512168
QC_03-2_PS72h_Gauze;2021-05-10;03.2-CHSLD_Charlesbourg_FirstManhole;42.391
QC_03-3_PS72h_Gauze;2021-05-10;03.3-CHSLD_Charlesbourg_SecondManhole;39.74390530774
QC_06.1_PS72h_Gauze;2021-05-10;06.1-CHSLD_Saint_Augustin_Pipe_in_kitchen;42.391
QC_07.1_PS72h_Gauze;2021-05-10;07.1-Lauberiviere_Parking;28.9505010924983
QC_07.2_PS72h_Gauze;2021-05-10;07.2-Lauberiviere_Pipe_in_0_Floor;42.391
QC_08_PS72h_Gauze;2021-05-10;08-CHSLD_Saint_Antoine;40.7763318298751
QC_09_PS72h_Gauze;2021-05-10;09-Squat_Basse-Ville;41.2567752465506
QC_10_PS72h_Gauze;2021-05-10;10-HLM_La_Chancelière;39.8383592350968
QC_01_cpFP24h_Raw;2021-05-07;01-Int_East;NA
QC_02_cpFP24h_Raw;2021-05-07;02-Int_West;42.391
QC_04_grb_Raw;2021-05-07;04-Beauport_Charlesbourg;NA
QC_05_grb_Raw;2021-05-07;05-Maizerets;35.7704882937772
QC_01_cpFP24h_Raw;2021-05-08;01-Int_East;40.5305124042614
QC_02_cpFP24h_Raw;2021-05-08;02-Int_West;34.6893153202573
QC_04_grb_Raw;2021-05-08;04-Beauport_Charlesbourg;33.1296271509849
QC_05_grb_Raw;2021-05-08;05-Maizerets;33.0617788443007
QC_01_cpFP24h_Raw;2021-05-09;01-Int_East;34.2611588032024
QC_02_cpFP24h_Raw;2021-05-09;02-Int_West;31.6263763050302
QC_04_grb_Raw;2021-05-09;04-Beauport_Charlesbourg;32.7265653018004
QC_05_grb_Raw;2021-05-09;05-Maizerets;33.9357286046911
QC_01_cpFP24h_Raw;2021-05-10;01-Int_East;35.1236538756082
QC_02_cpFP24h_Raw;2021-05-10;02-Int_West;35.3090722250786
QC_04_grb_Raw;2021-05-10;04-Beauport_Charlesbourg;34.6019162028003
QC_05_grb_Raw;2021-05-10;05-Maizerets;36.5161440200332
QC_03-2_PS24h_Filter;2021-05-11;03.2-CHSLD_Charlesbourg_FirstManhole;42.391
QC_03-3_PS24h_Filter;2021-05-11;03.3-CHSLD_Charlesbourg_SecondManhole;40.5063411733756
QC_06.1_PS24h_Filter;2021-05-11;06.1-CHSLD_Saint_Augustin_Pipe_in_kitchen;38.8161655328868
QC_07.1_PS24h_Filter;2021-05-11;07.1-Lauberiviere_Parking;34.2131670807124
QC_07.2_PS24h_Filter;2021-05-11;07.2-Lauberiviere_Pipe_in_0_Floor;42.391
QC_08_PS24h_Filter;2021-05-11;08-CHSLD_Saint_Antoine;37.1744599946974
QC_09_PS24h_Filter;2021-05-11;09-Squat_Basse-Ville;40.9671865368676
QC_10_PS24h_Filter;2021-05-11;10-HLM_La_Chancelière;38.7791769981442
QC_03-2_PS24h_Gauze;2021-05-11;03.2-CHSLD_Charlesbourg_FirstManhole;40.9307711519099
QC_03-3_PS24h_Gauze;2021-05-11;03.3-CHSLD_Charlesbourg_SecondManhole;40.9757660929592
QC_06.1_PS24h_Gauze;2021-05-11;06.1-CHSLD_Saint_Augustin_Pipe_in_kitchen;42.391
QC_07.1_PS24h_Gauze;2021-05-11;07.1-Lauberiviere_Parking;42.391
QC_07.2_PS24h_Gauze;2021-05-11;07.2-Lauberiviere_Pipe_in_0_Floor;42.391
QC_08_PS24h_Gauze;2021-05-11;08-CHSLD_Saint_Antoine;40.6074458164371
QC_09_PS24h_Gauze;2021-05-11;09-Squat_Basse-Ville;40.724423532006
QC_10_PS24h_Gauze;2021-05-11;10-HLM_La_Chancelière;42.391
QC_01_cpFP24h_Raw;2021-05-11;01-Int_East;33.2009481354778
QC_02_cpFP24h_Raw;2021-05-11;02-Int_West;33.3761036516606
QC_04_grb_Raw;2021-05-11;04-Beauport_Charlesbourg;33.5381501057448
QC_05_grb_Raw;2021-05-11;05-Maizerets;35.6561157284907
QC_03-2_PS24h_Filter;2021-05-12;03.2-CHSLD_Charlesbourg_FirstManhole;42.391
QC_03-3_PS24h_Filter;2021-05-12;03.3-CHSLD_Charlesbourg_SecondManhole;42.391
QC_06.1_PS24h_Filter;2021-05-12;06.1-CHSLD_Saint_Augustin_Pipe_in_kitchen;40.5129941411027
QC_08_PS24h_Filter;2021-05-12;08-CHSLD_Saint_Antoine;40.8374978822834
QC_09_PS24h_Filter;2021-05-12;09-Squat_Basse-Ville;42.391
QC_10_PS24h_Filter;2021-05-12;10-HLM_La_Chancelière;40.7822637070624
QC_03-2_PS24h_Gauze;2021-05-12;03.2-CHSLD_Charlesbourg_FirstManhole;41.1771093895592
QC_03-3_PS24h_Gauze;2021-05-12;03.3-CHSLD_Charlesbourg_SecondManhole;40.6360178883182
QC_06.1_PS24h_Gauze;2021-05-12;06.1-CHSLD_Saint_Augustin_Pipe_in_kitchen;38.8426738918679
QC_08_PS24h_Gauze;2021-05-12;08-CHSLD_Saint_Antoine;42.391
QC_09_PS24h_Gauze;2021-05-12;09-Squat_Basse-Ville;40.3748105211266
QC_10_PS24h_Gauze;2021-05-12;10-HLM_La_Chancelière;38.2852947035482
QC_01_cpFP24h_Raw;2021-05-12;01-Int_East;NA
QC_02_cpFP24h_Raw;2021-05-12;02-Int_West;NA
QC_04_grb_Raw;2021-05-12;04-Beauport_Charlesbourg;NA
QC_05_grb_Raw;2021-05-12;05-Maizerets;NA
QC_03-2_PS24h_Filter;2021-05-13;03.2-CHSLD_Charlesbourg_FirstManhole;40.8478913989837
QC_03-3_PS24h_Filter;2021-05-13;03.3-CHSLD_Charlesbourg_SecondManhole;36.8064905337362
QC_06.1_PS24h_Filter;2021-05-13;06.1-CHSLD_Saint_Augustin_Pipe_in_kitchen;38.8163401569638
QC_07.1_PS48h_Filter;2021-05-13;07.1-Lauberiviere_Parking;34.292005184224
QC_09_PS24h_Filter;2021-05-13;09-Squat_Basse-Ville;39.0565510812423
QC_10_PS24h_Filter;2021-05-13;10-HLM_La_Chancelière;42.391
MTLN-8-1_2-1339041_S97_L002;2021-02-24;8.1-MtlNord-Est;NA
MTLN-8-1_2-1339044_S100_L002;2021-02-24;8.1-MtlNord-Est;NA
MTLN-8-1_2-1339045_S101_L002;2021-02-24;8.1-MtlNord-Est;NA
MTLN-8-1_2-1339046_S102_L002;2021-02-26;8.1-MtlNord-Est;NA
MTLN-8-1_2-1339048_S104_L002;2021-02-25;8.1-MtlNord-Est;NA
MTLN-8-1_2-1339050_S106_L002;2021-02-25;8.1-MtlNord-Est;NA
MTLN-8-1_2-1339101_S107_L002;2021-02-25;8.1-MtlNord-Est;NA
MTLN-8-2_2-1339042_S98_L002;2021-02-25;8.2-MtlNord-Est;NA
MTLN-8-2_2-1339043_S99_L002;2021-02-26;8.2-MtlNord-Est;NA
MTLN-8-2_2-1339047_S103_L002;2021-03-01;8.2-MtlNord-Est;NA
MTLN-8-2_2-1339049_S105_L002;2021-03-01;8.2-MtlNord-Est;NA
MTLN-8-2_2-1339102_S108_L002;2021-03-01;8.2-MtlNord-Est;NA
MTLN-8-2_2-1339103_S109_L002;2021-03-01;8.2-MtlNord-Est;NA
MTL-North_2-1339104_S110_L002;2020-11-19;MTL-North;NA
MTL-North_2-1339106_S112_L002;2020-11-19;MTL-North;NA
MTL-North_2-1339108_S114_L002;2020-11-23;MTL-North;NA
MTL-North_2-1339110_S116_L002;2020-11-26;MTL-North;NA
MTL-North_2-1339112_S118_L002;2020-11-30;MTL-North;NA
MTL-North_2-1339114_S120_L002;2020-11-30;MTL-North;NA
MTL-North_2-1339116_S122_L002;2020-12-03;MTL-North;NA
MTL-North_2-1339118_S124_L002;2020-12-03;MTL-North;NA
MTL-North_2-1339120_S126_L002;2020-12-07;MTL-North;NA
MTL-South_2-1339105_S111_L002;2020-12-07;MTL-South;NA
MTL-South_2-1339107_S113_L002;2020-12-31;MTL-South;NA
MTL-South_2-1339109_S115_L002;2020-12-31;MTL-South;NA
MTL-South_2-1339111_S117_L002;2021-01-04;MTL-South;NA
MTL-South_2-1339113_S119_L002;2021-01-04;MTL-South;NA
MTL-South_2-1339115_S121_L002;2021-01-07;MTL-South;NA
MTL-South_2-1339117_S123_L002;2021-01-07;MTL-South;NA
MTL-South_2-1339119_S125_L002;2021-01-11;MTL-South;NA
MTL-South_2-1339121_S127_L002;2021-01-11;MTL-South;NA
MTL-WW-N-24_2-1338522_S24_L002;2021-02-24;MTL-North;NA
MTL-WW-N-24_2-1338639_S91_L002;2021-02-24;MTL-North;NA
MTL-WW-N-25_2-1338523_S25_L002;2021-02-25;MTL-North;NA
MTL-WW-N-25_2-1338640_S92_L002;2021-02-25;MTL-North;NA
MTL-WW-N-26_2-1338524_S26_L002;2021-02-26;MTL-North;NA
MTL-WW-N-26_2-1338641_S93_L002;2021-02-26;MTL-North;NA
MTL-WW-N-27_2-1338525_S27_L002;2021-02-27;MTL-North;NA
MTL-WW-N-27_2-1338642_S94_L002;2021-02-27;MTL-North;NA